﻿RazaoSocial;UF;Total_Despesas;Media_Trimestral;Desvio_Padrao
BRADESCO SAÚDE S.A.;RJ;879365834839,6799;146560972473,28;69243280016,95097
SUL AMERICA COMPANHIA DE SEGURO SAÚDE;RJ;753663213953,28;125610535658,88;58487355791,80868
AMIL ASSISTÊNCIA MÉDICA INTERNACIONAL S.A.;SP;649884752574,72;108314125429,12;49969391855,15289
HAPVIDA ASSISTENCIA MEDICA S.A.;CE;360535929901,28;60089321650,21334;25760084225,453224
NOTRE DAME INTERMÉDICA SAÚDE S.A.;SP;338986347381,76;56497724563,62667;25316006516,20729
UNIMED NACIONAL - COOPERATIVA CENTRAL;SP;210456799601,28;35076133266,88;15637039112,25626
CAIXA DE ASSISTÊNCIA DOS FUNCIONÁRIOS DO BANCO DO BRASIL;DF;209614653847,52002;34935775641,253334;16622961961,148157
PREVENT SENIOR PRIVATE OPERADORA DE SAÚDE LTDA;SP;174767235330,24;29127872555,039997;13241475759,065905
UNIMED BELO HORIZONTE COOPERATIVA DE TRABALHO MÉDICO;MG;169309335124,0;28218222520,666668;12958191023,655096
PORTO SEGURO - SEGURO SAÚDE S/A;SP;166976072020,16;27829345336,693333;13728776724,249443
UNIMED SEGUROS SAÚDE S/A;SP;147193400297,6;24532233382,933334;11753963235,675322
UNIMED DO EST. DO RJ FEDERAÇÃO EST. DAS COOPERATIVAS MÉDICAS;RJ;145996258062,72;24332709677,12;11232306881,85593
GEAP AUTOGESTÃO EM SAÚDE;DF;139710856488,32;23285142748,053333;10445492247,86602
UNIMED PORTO ALEGRE - COOPERATIVA MÉDICA LTDA.;RS;106966170281,12;17827695046,853333;8518948119,6605215
UNIMED CURITIBA - SOCIEDADE COOPERATIVA DE MÉDICOS;PR;94554221219,84;15759036869,973333;7485183147,509553
UNIMED CAMPINAS - COOPERATIVA DE TRABALHO MÉDICO;SP;86599623029,44;14433270504,906668;6734126149,541521
UNIMED DE FORTALEZA SOCIEDADE COOPERATIVA MÉDICA LTDA.;CE;74315324138,72;12385887356,453333;5818721436,8670845
UNIMED GOIANIA COOPERATIVA DE TRABALHO MÉDICO;GO;68316501248,32;11386083541,386667;5155623658,695253
CARE PLUS MEDICINA ASSISTENCIAL LTDA.;SP;67196330529,92;11199388421,653334;5497622903,314946
OMINT SERVIÇOS DE SAÚDE S.A.;SP;65626998061,92;10937833010,32;5291688352,933816
GRUPO HOSPITALAR DO RIO DE JANEIRO LTDA;RJ;62607102345,6;10434517057,6;5131808651,261499
FUNDAÇÃO SAÚDE ITAÚ;MG;56894972340,0;9482495390,0;4501132386,491502
SERV  SOCIAL AUTÔNOMO DE ASSIST À SAÚDE DOS SERV PÚBLICOS E MILITARES DE GOIÁS;GO;54191394631,04;13547848657,76;3342322833,569529
UNIMED VITORIA COOPERATIVA DE TRABALHO MEDICO;ES;53977297481,12;8996216246,853334;4286650563,3350425
SAMEDIL SERVIÇOS DE ATENDIMENTO MÉDICO S/A;ES;52937996660,96;8822999443,493334;4370174351,872712
UNIMED BELÉM COOPERATIVA DE TRABALHO MÉDICO;PA;42722366225,12;7120394370,853333;3242365090,825994
UNIMED RECIFE COOPERATIVA DE TRABALHO MÉDICO;PE;41412339743,68;6902056623,946667;3200284894,697916
FUNDAÇÃO CESP;SP;40779741383,68;6796623563,946667;3238831945,3125396
UNIMED GRANDE FLORIANÓPOLIS-COOPERATIVA DE TRABALHO MEDICO;SC;39980010301,12;6663335050,186667;3114858732,0608797
UNIMED DO ESTADO DE SÃO PAULO - FEDERAÇÃO ESTADUAL DAS COOP. MÉDICAS;SP;39955325755,2;6659220959,2;2943437562,2389927
FUNDAÇÃO ASSISTENCIAL DOS SERVIDORES DO MINISTÉRIO DA FAZENDA;DF;39608008707,04;6601334784,506667;2987629023,215956
UNIMED CUIABA COOPERATIVA DE TRABALHO MÉDICO;MT;39072655499,36;6512109249,893333;2954618782,672031
UNIMED SOROCABA COOPERATIVA DE TRABALHO MÉDICO;SP;36008664310,56;6001444051,759999;2893195554,248688
UNIMED SAO JOSÉ DO RIO PRETO - COOP. DE TRABALHO MÉDICO;SP;35642593691,84;5940432281,973332;2797765936,74096
ODONTOPREV S/A;SP;35454085509,119995;5909014251,5199995;2841815560,148085
CAIXA DE ASSISTENCIA DOS SERVIDORES DO ESTADO DE MATO GROSSO DO SUL;MS;35171152608,16;5861858768,026668;2693225561,511821
UNIMED NATAL SOC. COOP. DE TRAB. MÉDICO;RN;34347748259,68;5724624709,946667;2699943806,6413445
UNIMED SERRA GAUCHA/RS COOPERATIVA DE ASSISTENCIA A SAUDE LTDA;RS;32875785797,92;5479297632,986667;2620440161,675525
UNIMED JOAO PESSOA - COOPERATIVA DE TRABALHO MÉDICO;PB;31916586631,68;5319431105,28;2454362278,4136963
HUMANA SAÚDE NORDESTE LTDA. ;PI;30993390903,84;5165565150,64;2379280576,8249493
FUNDAÇÃO SÃO FRANCISCO XAVIER;MG;30428514612,0;5071419102,0;2348274000,6805415
CAIXA BENEFICENTE DOS FUNCIONARIOS DO BANCO DO ESTADO DE SÃO PAULO;SP;30189540474,72;5031590079,12;2556581596,5136123
UNIMED DE LONDRINA COOPERATIVA DE TRABALHO MÉDICO;PR;29653463303,839996;4942243883,973332;2313155265,7491307
UNIMED-SÃO GONÇALO - NITERÓI - SOC.COOP.SERV.MED E HOSP LTDA;RJ;29589137576,0;4931522929,333333;2284445246,4159646
UNIMED MACEIO COOPERATIVA DE TRABALHO MÉDICO;AL;29516006072,64;4919334345,44;2217865264,8991737
UNIMED DE SANTOS COOP DE TRAB MEDICO;SP;26612243601,12;4435373933,5199995;1990073469,8759322
SAMP ESPIRITO SANTO ASSISTENCIA MEDICA SA;ES;25969410128,0;4328235021,333333;1964913783,461837
NOTRE DAME INTERMÉDICA MINAS GERAIS SAÚDE S.A.;CE;25941436700,0;4323572783,333333;1854568579,0023746
UNIMED DE RIBEIRAO PRETO - COOPERATIVA DE TRABALHO MÉDICO;SP;25384904021,76;4230817336,9599996;1967614662,4989674
UNIMED CAMPO GRANDE MS COOPERATIVA DE TRABALHO MÉDICO;MS;24647907305,92;4107984550,986666;1915687273,1613057
CLINIPAM CLINICA PARANAENSE DE ASSISTENCIA MEDICA LTDA;CE;24586011876,0;4097668646,0;1825701237,3006442
SANTA HELENA ASSISTÊNCIA MÉDICA S/A.;SP;24288419192,480003;4048069865,413334;1882620273,9137065
CENTRO TRASMONTANO DE SAO PAULO;SP;23972327486,08;3995387914,346667;1878502368,6163905
ASSOCIAÇÃO DE BENEFICÊNCIA E FILANTROPIA SÃO CRISTOVÃO;SP;22404437162,559998;3734072860,4266663;1700104187,2718902
UNIMED REGIONAL MARINGÁ COOP.DE TRABALHO MÉDICO;PR;22398038005,6;3733006334,2666664;1770773599,9465997
UNIMED UBERLÂNDIA COOPERATIVA REGIONAL TRABALHO MÉDICO LTDA;MG;21514890172,0;3585815028,6666665;1596742213,4271274
UNIMED BLUMENAU - COOPERATIVA DE TRABALHO MEDICO;SC;21092186880,0;3515364480,0;1684700354,4703944
UNIMED DO ESTADO DE SANTA CATARINA FED. EST. DAS COOP. MÉD.;SC;20935998246,72;3489333041,1200004;1657998830,7153687
QUALICORP ADMINISTRADORA DE BENEFÍCIOS S.A.;SP;20545809316,8;3424301552,7999997;1502144923,6148317
UNIMED DO ESTADO DO PARANÁ FEDERAÇÃO ESTADUAL DAS COOPERATIVAS MÉDICAS;PR;19889610892,96;3314935148,8266664;1578610856,213449
UNIMED DE PIRACICABA SOCIEDADE COOPERATIVA DE SERVIÇOS MÉDICOS;SP;18547153871,36;3091192311,8933334;1450306415,6098425
UNIMED - COOPERATIVA DE SERVIÇOS DE SAÚDE DOS VALES DO TAQUARI E RIO PARDO LTDA.;RS;18316983915,04;3052830652,5066667;1440679117,933068
UNIMED SAO JOSE DOS CAMPOS - COOPERATIVA DE TRABALHO MEDICO;SP;18031432676,96;3005238779,4933333;1390621745,886977
UNIMED LITORAL COOPERATIVA DE TRABALHO MÉDICO LTDA;SC;17751617175,04;2958602862,5066667;1412716749,4351006
UNIMED DE BAURU COOPERATIVA DE TRABALHO MÉDICO;SP;17662024075,84;2943670679,306667;1299123023,0287023
SERVIÇO SOCIAL DA INDÚSTRIA DO PAPEL, PAPELÃO E CORTIÇA DO ESTADO DE SÃO PAULO - SEPACO;SP;17394204029,760002;2899034004,9600005;1359733726,299103
UNIMED TERESINA - COOPERATIVA DE TRABALHO MÉDICO;PI;17268429009,6;2878071501,6;1370246596,2187376
UNIMED DE VOLTA REDONDA COOPERATIVA DE TRABALHO MÉDICO;RJ;17004730427,039999;2834121737,8399997;1333211519,8133035
UNIMED DIVINOPOLIS - COOPERATIVA DE TRABALHO MEDICO LTDA;MG;16880925920,800001;2813487653,4666667;1389243726,321513
UNIMED DE JOINVILLE COOPERATIVA DE TRABALHO MÉDICO;SC;16693216992,8;2782202832,133333;1291797131,1918373
UNIMED JUIZ DE FORA COOPERATIVA DE TRABALHO MÉDICO LTDA;MG;16606975066,880001;2767829177,8133335;1271738799,6369708
CEMIG SAÚDE;MG;16178882751,199999;2696480458,5333333;1205526033,5964303
SINDIFISCO NACIONAL - SINDICATO NACIONAL DOS AUDITORES-FISCAIS DA RECEITA FEDERAL DO BRASIL;DF;16169496606,4;2694916101,0666666;1187951548,431954
UNIMED SERGIPE - COOPERATIVA DE TRABALHO MÉDICO;SE;15909332976,0;2651555496,0;1150333495,5778594
UNIMED DE PRESIDENTE PRUDENTE COOPERATIVA DE TRAB. MÉDICO;SP;15524041604,32;2587340267,386667;1252915490,1056361
UNIMED NOVA IGUACU COOPERATIVA DE TRABALHO MEDICO;RJ;15437515677,759998;2572919279,6266665;919622631,3952115
ALICE OPERADORA LTDA.;SP;15262365710,56;2543727618,4266667;1323207352,7514963
UNIMED VALE DO SINOS - COOPERATIVA DE ASSISTÊNCIA À SAÚDE LTDA;RS;14994156564,64;2499026094,1066666;1170397607,906296
UNIMED DE CASCAVEL COOPERATIVA DE TRABALHO MÉDICO;PR;14579420446,24;2429903407,7066665;1146760759,2928877
PASA - PLANO DE ASSISTENCIA A SAUDE DO APOSENTADO DA VALE;RJ;14452718406,56;2408786401,0933332;1176054986,474391
LEVE SAUDE OPERADORA DE PLANOS DE SAUDE S.A;RJ;14198874149,439999;2366479024,9066663;1207670162,1159048
HUMANA SAÚDE LTDA.;PR;14145398230,560001;2357566371,76;1038423931,976602
UNIMED SÃO CARLOS - COOPERATIVA DE TRABALHO MÉDICO;SP;14132845116,16;2355474186,0266666;1104665347,5181038
PLANO HOSPITAL SAMARITANO LTDA;SP;14011221409,92;2335203568,32;1072351381,0109419
UNIMED JUNDIAI - COOPERATIVA DE TRABALHO MÉDICO;SP;13792186305,279999;2298697717,5466666;1117450821,6175823
UNIMED DE MACAÉ COOPERATIVA DE ASSISTÊNCIA À SAÚDE;RJ;13695602447,52;2282600407,92;1084779396,8419251
ASSOCIAÇÃO SANTA CASA SAÚDE DE SÃO JOSÉ DOS CAMPOS;SP;13642857891,36;2273809648,56;1072502150,2099806
CENTRO CLÍNICO GAÚCHO LTDA;CE;13543214076,96;2257202346,16;958206235,8187163
UNIMED SUL CAPIXABA COOPERATIVA DE TRABALHO MÉDICO;ES;13399737750,24;2233289625,04;1040948103,5692538
ASSOCIAÇÃO SANTA SAÚDE;SP;13274731961,279999;2212455326,8799996;1066874888,7645491
UNIMED CARUARU-COOPERATIVA DE TRABALHO MEDICO;PE;12855757930,560001;2142626321,7600002;994737216,8410637
UNIMED NOVA FRIBURGO-SOC.COOP.SERV.MED.HOSP.LTDA.;RJ;12132185917,12;2022030986,1866667;905147317,8362044
ASSOCIAÇÃO ADVENTISTA NORTE BRASILEIRA DE PREVENÇÃO E ASSISTÊNCIA A SAÚDE;PA;12099066111,84;2016511018,64;741986441,4494365
UNIMED UBERABA COOPERATIVA DE TRABALHO MEDICO LTDA.;MG;11893400703,52;1982233450,5866668;919463746,0492532
UNIMED NORTE DO MATO GROSSO COOPERATIVA DE TRABALHO MÉDICO;MT;11676391780,48;1946065296,7466667;947127545,0851023
UNIMED CAMPINA GRANDE - COOPERATIVA DE TRABALHO MEDICO LTDA;PB;11625214843,36;1937535807,2266667;942480220,898792
UNIMED VALE DO SÃO FRANCISCO COOPERATIVA DE TRABALHO MÉDICO;PE;11599199545,6;1933199924,2666667;888878838,0485158
UNIMED DE CRICIÚMA COOPERATIVA DE TRABALHO MÉDICO DA REGIÃO CARBONÍFERA;SC;11596334931,84;1932722488,64;934069073,4192857
CAIXA DE ASSISTÊNCIA DOS FUNCIONÁRIOS DO BANCO DO NORDESTE DO BRASIL;CE;11566035819,039999;1927672636,5066664;924768183,1930153
ASSOCIAÇÃO DR. BARTHOLOMEU TACCHINI;RS;11532487809,12;1922081301,5200002;921494432,7173637
UNIMED DE ARARAQUARA - COOP. DE TRAB. MÉDICO;SP;11399609230,08;1899934871,68;872319246,7849108
SAMEL PLANO DE SAÚDE LTDA;AM;11241994940,800001;1873665823,466667;884216503,0512196
IRMANDADE DA SANTA CASA DE MISERICÓRDIA DE PASSOS;MG;11113833068,0;1852305511,3333333;856429589,3303452
UNIMED CHAPECÓ - COOPERATIVA DE TRABALHO MÉDICO DA REGIÃO OESTE CATARINENSE;SC;11093298906,4;1848883151,0666666;879371806,1270262
QUALLITY PRÓ SAÚDE PLANO DE ASSISTÊNCIA MÉDICA LTDA.;DF;11066293891,68;1844382315,28;819920692,2118075
INSTITUTO CURITIBA DE SAÚDE;PR;10998728230,72;1833121371,7866666;886221663,1990398
UNIMED DE SANTA BÁRBARA D'OESTE E AMERICANA - COOP DE TRABALHO MÉDICO;SP;10988902870,4;1831483811,7333333;853418014,8269526
UNIMED FRANCA - SOCIEDADE COOPERATIVA DE SERVIÇOS MÉDICOS E HOSPITALARES;SP;10977786580,8;1829631096,8;828516545,0747743
PROMÉDICA - PROTEÇÃO MEDICA A EMPRESAS S.A.;BA;10749249434,720001;1791541572,4533336;798022747,452247
ASSOCIAÇÃO DE SAÚDE PORTUGUESA DE BENEFICÊNCIA;SP;10704159224,8;1784026537,4666665;835642083,1953441
SANTA CASA DE MISERICÓRDIA DE JUIZ DE FORA;MG;10654489428,32;1775748238,0533333;826173544,0946037
UNIMED PONTA GROSSA COOPERATIVA DE TRABALHO MEDICO;PR;10626332358,720001;1771055393,1200001;842185949,9269853
ASSOCIAÇÃO BENEFICENTE DOS PROFESSORES PÚBLICOS ATIVOS E INATIVOS DO RIO DE JANEIRO - APPAI;RJ;10607874916,64;1767979152,7733333;860198620,3460639
CIRCULO OPERARIO CAXIENSE;RS;10570605368,64;1761767561,4399998;845383606,6204714
SOBAM CENTRO MÉDICO HOSPITALAR S.A.;SP;10519353833,92;1753225638,9866667;778926010,3000183
ASSOCIAÇÃO EVANGELICA BENEFICENTE DE LONDRINA;PR;10310870755,68;1718478459,28;824311932,2728105
UNIMED DO CEARÁ - FEDERAÇÃO DAS SOCIEDADES COOPERATIVAS MÉDICAS DO ESTADO DO CEARÁ LTDA.;CE;10104974672,48;1684162445,4133332;796807674,382053
UNIMED DE MARILIA COOPERATIVA DE TRABALHO MÉDICO;SP;10098638058,24;1683106343,04;787035251,311701
ASSOCIACAO DOS AUDITORES FISCAIS DA RECEITA ESTADUAL DE SAO PAULO;SP;10029698209,44;1671616368,24;796329846,4610498
FUNDAÇÃO DE SAÚDE ITAIGUAPY;PR;9914377316,16;1652396219,36;760089083,3486785
UNIMED REGIONAL DA BAIXA MOGIANA - COOPERATIVA DE TRABALHO MÉDICO;SP;9878998811,04;1646499801,8400002;761502705,2835541
FUNDAÇÃO COPEL DE PREVIDÊNCIA E ASSISTÊNCIA SOCIAL;PR;9842568656,16;1640428109,36;738451098,1907037
REAL GRANDEZA - FUNDAÇÃO DE PREVIDÊNCIA E ASSISTÊNCIA SOCIAL;RJ;9813806593,119999;1635634432,1866665;753801477,0194066
IRMANDADE DA SANTA CASA DE MISERICÓRDIA DE PIRACICABA;SP;9772486114,08;1628747685,68;800949440,9335328
ALVORECER - ASSOCIAÇÃO DE SOCORROS MÚTUOS;SP;9530432546,880001;1588405424,4800003;673506183,4113872
COOPERATIVA CENTRAL UNIMED DE COOPERATIVAS DE ASSISTÊNCIA À SAÚDE DO RIO GRANDE DO SUL LTDA.;RS;9502144837,76;1583690806,2933333;748318915,7305868
PLENA SAÚDE S.A.;SP;9332969828,8;1555494971,4666665;696840219,7864196
METRUS INSTITUTO DE SEGURIDADE SOCIAL;SP;9299540126,08;1549923354,3466666;636911592,4038432
ASSOCIAÇÃO PETROBRAS DE SAÚDE - APS;RJ;9231038038,560001;1538506339,7600002;619386299,1393298
DOCTOR CLIN OPERADORA DE PLANOS DE SAÚDE LTDA.;RS;9124992233,44;1520832038,9066668;769175566,3486581
UNIMED SANTA MARIA/RS - COOPERATIVA DE ASSISTÊNCIA À SAÚDE LTDA;RS;8969769608,480001;1494961601,4133337;705164296,2244729
COOPERATIVA DE TRABALHO MÉDICO DE POUSO ALEGRE;MG;8939073923,04;1489845653,8400002;709157386,4269513
UNIMED SALTO/ITU - COOPERATIVA MÉDICA;SP;8930997805,76;1488499634,2933333;679676470,7452444
CAIXA DE PREVIDÊNCIA E ASSISTÊNCIA DOS SERVIDORES DA FUNDAÇÃO NACIONAL DE SAÚDE - CAPESESP;RJ;8890176330,24;1481696055,04;653256799,8192495
IRMANDADE DA SANTA CASA DE MISERICORDIA DE LIMEIRA;SP;8873565740,32;1478927623,3866665;705669901,453498
UNIMED GOVERNADOR VALADARES COOP. DE TRABALHO MÉDICO LTDA.;MG;8849493929,119999;1474915654,8533332;704187783,4173949
KLINI PLANOS DE SAÚDE LTDA;RJ;8768267389,439999;1461377898,2399998;733133086,3626174
UNIMED DE GUARULHOS COOPERATIVA DE TRABALHO MÉDICO;SP;8741354435,04;1456892405,8400002;691005081,419472
H.B. SAÚDE S/A.;SP;8605988704,8;1434331450,8;656470289,760832
INTEGRA ASSISTENCIA MEDICA SA;SP;8528580381,44;1421430063,5733333;479910259,10316175
CAIXA DE ASSISTÊNCIA À SAÚDE - CABERJ;RJ;8520232007,200001;1420038667,8666668;671446052,0202863
FUNDAÇÃO CHESF DE ASSISTÊNCIA E SEGURIDADE SOCIAL;PE;8483261660,96;1413876943,4933333;743585241,9090242
UNIMED DE CAMPOS COOPERATIVA DE TRABALHO MÉDICO;RJ;8477699713,92;1412949952,32;634276040,9702878
HOSPITAL DE CLÍNICAS DE PASSO FUNDO;RS;8455648603,84;1409274767,3066666;694216853,4273785
BENSAUDE PLANO DE ASSISTENCIA MEDICA HOSPITALAR LTDA.;SP;8296430338,719999;1382738389,7866666;620025413,5915948
UNIMED PORTO VELHO - SOCIEDADE COOPERATIVA MÉDICA LTDA;RO;8225390921,599999;1370898486,9333332;657697411,7553872
UNIMED RONDONOPOLIS COOPERATIVA DE TRABALHO MÉDICO LTDA;MT;7929121130,72;1321520188,4533334;623989043,4041188
FUNDACAO LEONOR DE BARROS CAMARGO;SP;7909013252,959999;1318168875,493333;620172492,3983363
SANTA CASA DE MISERICÓRDIA DE VOTUPORANGA;SP;7857726698,88;1309621116,48;611602388,8020482
CONFERÊNCIA SÃO JOSÉ DO AVAÍ;RJ;7746398859,84;1291066476,64;540805241,3291737
UNIMED ANHANGUERA COOPERATIVA DE TRABALHO MÉDICO;SP;7741143829,28;1290190638,2133334;582871635,2800044
BENEFICENCIA CAMILIANA DO SUL;SP;7726870100,799999;1931717525,1999998;801860391,1679825
BENEFICENCIA SOCIAL BOM SAMARITANO;MG;7705850208,32;1284308368,0533333;697080392,0628203
CAIXA DE ASSISTÊNCIA DOS EMPREGADOS DO BANCO DO ESTADO DO RIO GRANDE DO SUL;RS;7610219933,280001;1268369988,88;619372594,0290866
ITAUSEG SAÚDE S.A.;SP;7607149653,28;1267858275,5466666;621268646,6603668
UNIMED PELOTAS/RS - COOPERATIVA DE ASSISTÊNCIA À SAÚDE LTDA.;RS;7586646337,28;1264441056,2133334;611113877,5747313
PLANO DE SAÚDE ANA COSTA LTDA.;SP;7538688037,28;1256448006,2133334;571203638,0206653
UNIMED LESTE PAULISTA COOPERATIVA DE TRABALHO MÉDICO;SP;7516523808,48;1252753968,08;553458929,8766649
AMPLA PLANOS DE SAUDE LTDA;RJ;7398087083,360001;1849521770,8400002;420165377,7474771
UNIMED NOROESTE/RS - SOCIEDADE COOPERATIVA DE ASSISTÊNCIA À SAÚDE LTDA.;RS;7392948565,76;1232158094,2933333;574952066,2767498
IRMANDADE SANTA CASA DE MISERICÓRDIA DE MARINGÁ;PR;7375387259,68;1229231209,9466667;593797510,9616731
LIFE EMPRESARIAL SAÚDE LTDA.;SP;7325679399,84;1220946566,64;568346233,9310654
AUSTACLINICAS ASSISTÊNCIA MÉDICA E HOSPITALAR LTDA;SP;7322455688,32;1220409281,3866665;550978873,5659555
UNIMED DO BRASIL - CONF. NACIONAL DAS COOPERATIVAS MÉDICAS;SP;7258944197,92;1209824032,9866667;561225070,1678542
UNIMED DE BOTUCATU COOPERATIVA DE TRABALHO MÉDICO;SP;7215436974,879999;1202572829,1466665;569975572,9713892
UNIMED DO SUDOESTE COOPERATIVA DE TRABALHO MEDICO LTDA;BA;7187816661,440001;1197969443,5733335;551935351,148695
NOSSA SAÚDE - OPERADORA PLANOS PRIVADOS DE ASSISTÊNCIA  À SAÚDE LTDA.;PR;7099044136,0;1183174022,6666667;542934371,3526053
UNIMED AMPARO COOPERATIVA DE TRABALHO MÉDICO;SP;7078598606,559999;1179766434,4266665;562021342,6946652
UNIMED RIO VERDE COOPERATIVA TRABALHO MEDICO;GO;7033177897,12;1172196316,1866667;541787490,078421
UNIMED PATOS DE MINAS COOPERATIVA TRABALHO MÉDICO LTDA.;MG;6969844166,08;1161640694,3466666;541941920,2385231
UNIMED COSTA OESTE - COOPERATIVA DE TRABALHO MÉDICO;PR;6848998969,92;1141499828,32;539484425,1180568
2CARE OPERADORA DE SAÚDE LTDA.;SP;6811595544,16;1135265924,0266666;523910931,10047346
BIOVIDA SAÚDE LTDA.;SP;6810054764,0;1135009127,3333333;522564211,7250106
UNIMED CENTRO RONDÔNIA COOPERATIVA DE TRABALHO MÉDICO;RO;6729450734,72;1121575122,4533334;531662794,914366
UNIMED DE LIMEIRA COOPERATIVA DE TRABALHO MÉDICO;SP;6683858307,04;1113976384,5066667;535002572,97608966
UNIMED DE BEBEDOURO COOPERATIVA DE TRABALHO MÉDICO;SP;6471138129,76;1078523021,6266668;502975918,7886191
ALL CARE ADMINISTRADORA DE BENEFÍCIOS SÃO PAULO LTDA;SP;6458127735,68;1076354622,6133335;477410138,1001616
UNIMED OESTE DO PARÁ - COOPERATIVA DE TRABALHO MÉDICO;PA;6429192556,64;1071532092,7733334;417095822,04314417
MED-TOUR ADMINISTRADORA DE BENEFÍCIOS E EMPREENDIMENTOS LTDA.;SP;6422137023,84;1070356170,64;487196826,39672965
ABERTTA SAÚDE - ASSOCIAÇÃO BENEFICENTE DOS EMPREGADOS DA ARCELORMITTAL NO BRASIL;MG;6398355287,200001;1066392547,8666668;492577464,1880149
IRMANDADE DA SANTA CASA DE MISERICÓRDIA DE RIO CLARO;SP;6370033967,36;1061672327,8933333;496693654,7630087
PROASA SAÚDE;DF;6302975829,76;1050495971,6266667;558500661,9355059
UNIMED RIO BRANCO COOPERATIVA DE TRABALHO MEDICO LTDA;AC;6212002452,16;1035333742,0266666;466101474,7719937
UNIMED VALE DO SEPOTUBA - COOPERATIVA DE TRABALHO MÉDICO;MT;6144693945,44;1024115657,5733333;481025303,85632306
UNIMED DE TUBARAO - COOPERATIVA DE TRABALHO MEDICO DA REGIAO DA AMUREL;SC;6127293688,0;1021215614,6666666;496365995,90450186
AMESC - ASSOCIAÇÃO MÉDICA ESPÍRITA CRISTÃ;RJ;6114424272,96;1019070712,16;449317164,4981417
LIV LINHAS INTELIGENTES DE ATENÇÃO À VIDA S/A;SP;6007300754,08;1001216792,3466667;474213882,3092985
METLIFE PLANOS ODONTOLÓGICOS LTDA.;SP;6002082504,96;1000347084,16;458257892,36594427
SERMED-SAÚDE LTDA.;SP;5938225560,0;989704260,0;463451146,3573404
FUNDAÇÃO CELESC DE SEGURIDADE SOCIAL - CELOS;SC;5865298131,84;977549688,64;480899327,11567307
UNIMED DE ARACATUBA - COOPERATIVA DE TRABALHO MÉDICO;SP;5793847426,4;965641237,7333332;453181980,15565556
UNIMED NOROESTE CAPIXABA COOPERATIVA DE TRABALHO MÉDICO.;ES;5753462211,68;958910368,6133333;452119151,5097445
CAIXA DE ASSISTÊNCIA DOS EMPREGADOS DA EMPRESA BRASILEIRA DE PESQUISA  AGROPECUÁRIA;DF;5741489601,76;956914933,6266667;470985487,0535113
S.P.A SAUDE- SISTEMA DE PROMOÇÃO ASSISTENCIAL;SP;5699634466,24;949939077,7066666;436439158,7498636
UNIÃO MÉDICA PLANOS DE SAÚDE S/A;BA;5639818818,56;939969803,0933334;445201055,1218867
UNIMED PETROPOLIS-RJ COOPERATIVA DE TRABALHO MÉDICO;RJ;5639797119,200001;939966186,5333334;417918032,8511192
UNIMED DE DOURADOS COOPERATIVA DE TRABALHO MÉDICO LTDA;MS;5624433680,0;937405613,3333334;447258000,0320255
ASSOCIAÇÃO ASSISTENCIAL DE SAÚDE SUPLEMENTAR CRUZ AZUL SAÚDE;SP;5605269281,6;934211546,9333334;384648183,843391
SÃO LUCAS SAÚDE S/A;SP;5586456937,6;931076156,2666668;397367255,9111834
UNIMED REGIONAL JAU - COOPERATIVA DE TRABALHO MÉDICO;SP;5518775666,4;919795944,4;421766794,66280705
SUPERMED ADMINISTRADORA DE BENEFÍCIOS LTDA.;RJ;5515653730,24;919275621,7066666;468010709,1334231
UNIMED PATO BRANCO SOCIEDADE COOPERATIVA DE MÉDICOS;PR;5489450652,8;914908442,1333333;415975625,7796877
UNIMED DO CARIRI - SOCIEDADE COOPERATIVA MÉDICA LTDA;CE;5470060442,88;911676740,48;456265058,22956604
UNIMED MARANHÃO DO SUL - COOPERATIVA DE TRABALHO MÉDICO;MA;5421953945,12;903658990,8533334;492104275,7178127
UNIMED DE RIO CLARO SP COOPERATIVA DE TRABALHO MEDICO;SP;5356732866,72;892788811,12;418445313,8151814
FUNDAÇÃO SANEPAR DE ASSISTÊNCIA SOCIAL;PR;5272803434,88;878800572,48;353762456,58251166
POSTAL SAÚDE CAIXA DE ASSISTÊNCIA E SAÚDE DOS EMPREGADOS DOS CORREIOS;DF;5228895851,04;871482641,84;414317478,1535693
UNIMED DE OURINHOS - COOPERATIVA DE TRABALHO MÉDICO;SP;5222188956,0;870364826,0;402607759,907306
UNIMED POÇOS DE CALDAS - SOC. COOP. DE TRAB. E SERVIÇOS MÉDICOS;MG;5128569769,440001;854761628,2400001;412164257,31257796
UNIMED MISSÕES/RS - COOPERATIVA DE ASSISTÊNCIA À SAÚDE LTDA.;RS;5113384501,12;852230750,1866666;396288699,0393039
MÚTUA DOS MAGISTRADOS DO ESTADO DO RIO DE JANEIRO;RJ;5032633854,08;838772309,0133333;387577161,54326457
SAUDE PAS - MEDICINA E ODONTO;RS;5010486780,4800005;835081130,08;394544241,9334069
UNIHOSP SAÚDE LTDA;SP;4955543191,68;825923865,2800001;360865757,97749144
CAIXA DE ASSISTÊNCIA OSWALDO CRUZ;RJ;4914765166,72;819127527,7866668;380910882,764943
CABERJ INTEGRAL SAÚDE S.A;RJ;4905766951,04;817627825,1733333;373441615,49926525
FUNDAÇÃO AFFEMG DE ASSISTÊNCIA E SAÚDE - FUNDAFFEMG;MG;4790281648,48;798380274,7466666;364632336,4388847
UNIMED PLANALTO MÉDIO/RS - COOPERATIVA DE ASSISTÊNCIA À SAÚDE LTDA.;RS;4727697193,12;787949532,1866666;351269067,0028919
UNIMED DE CATANDUVA - COOPERATIVA DE TRABALHO MÉDICO;SP;4714922711,36;785820451,8933333;360426367,3480263
UNIMED VARGINHA COOPERATIVA DE TRABALHO MÉDICO;MG;4691808954,559999;781968159,0933332;353787918,30463326
HBC SAÚDE LTDA.;SP;4666050883,84;777675147,3066667;361628821,0867949
UNIMED ANÁPOLIS COOPERATIVA DE TRABALHO MÉDICO.;GO;4628298873,12;771383145,52;346733841,06732726
PLANO DE SAÚDE DA SANTA CASA DE BRAGANÇA PAULISTA;SP;4627004364,639999;771167394,1066666;346910667,2640726
UNIMED RESENDE COOPERATIVA DE TRABALHO MÉDICO;RJ;4572956826,88;762159471,1466666;361709586,27994317
UNIMED REGIONAL DE CAMPO MOURÃO COOP TRAB MEDICO ;PR;4538928597,440001;756488099,5733334;347867617,3836616
UNIMED VALE DO CAÍ/RS - COOPERATIVA DE ASSISTÊNCIA À SAÚDE LTDA.;RS;4493000636,48;748833439,4133333;340698011,84261554
SUL AMÉRICA PARANÁ CLÍNICAS SERVIÇOS DE SAÚDE S.A.;SP;4465638691,680001;744273115,2800002;342087779,51970685
UNIMED CENTRO OESTE PAULISTA - FEDERAÇÃO INTRAFEDERATIVA DAS COOPERATIVAS MÉDICAS;SP;4435474992,0;739245832,0;357443341,4697054
UNIMED METROPOLITANA DO AGRESTE - COOPERATIVA DE TRABALHO MÉDICO;AL;4435305565,440001;739217594,2400001;333964981,30476785
ASSOCIAÇÃO DE ASSISTÊNCIA À SAÚDE DOS EMPREGADOS DA COPASA;MG;4418473273,120001;736412212,1866668;335278617,93021333
UNIMED ENCOSTA DA SERRA/RS SOCIEDADE COOPERATIVA DE SERVIÇOS DE SAÚDE LTDA.;RS;4398346304,799999;733057717,4666666;359660345,9011893
DENTAL UNI - COOPERATIVA ODONTOLÓGICA;PR;4348172141,120001;724695356,8533335;334285912,0973886
HOSPITAL MATERNIDADE SÃO VICENTE DE PAULO;CE;4342981078,88;723830179,8133334;330971408,47922206
UNIMED PALMAS COOPERATIVA DE TRABALHO MÉDICO;TO;4313073857,6;718845642,9333334;325527960,73733145
UNIMED TEOFILO OTONI COOPERATIVA DE TRABALHO MÉDICO;MG;4280932615,3599997;713488769,2266666;333595207,02153856
FUNDAÇÃO FILANTRÓPICA E BENEFICENTE DE SAÚDE ARNALDO GAVAZZA FILHO;MG;4275679420,0;712613236,6666666;334783551,9582319
POLICLIN SAÚDE S/A.;SP;4237275523,84;706212587,3066667;324206672,04213583
UNIMED LITORAL SUL/RS - COOPERATIVA DE ASSISTÊNCIA À SAÚDE LTDA.;RS;4196355321,92;699392553,6533333;309694046,4474797
UNIMED DE MANAUS COOP. DO TRABALHO MÉDICO LTDA;AM;4193018990,72;698836498,4533333;390970986,0701938
ECONOMUS INSTITUTO DE SEGURIDADE SOCIAL;SP;4174001245,76;695666874,2933334;357733286,83905566
AMHE MED ASSISTENCIA A SAUDE LTDA - EPP;SP;4146513020,32;691085503,3866667;410660251,92634946
OPERADORA UNIESTE DE PLANOS DE SAÚDE LTDA;RJ;4107588628,4799995;684598104,7466666;319051131,9925837
UNIMED ARARUAMA COOPERATIVA DE TRABALHO MÉDICO LTDA;RJ;4085697967,2;680949661,1999999;339327771,7011017
UNIMED COSTA DO DESCOBRIMENTO COOPERATIVA DE TRABALHO MÉDICO;BA;4071603909,4399996;678600651,5733333;322724317,1352114
UNIMED REGIONAL SUL GOIAS COOP. DE TRABALHO MÉDICO LTDA;GO;4041939861,44;673656643,5733334;302001618,3245404
UNIMED NORTE CAPIXABA- COOPERATIVA DE TRABALHO MÉDICO;ES;4038028182,5600004;673004697,0933334;323227657,1926434
UNIMED MONTES CLAROS COOPERATIVA DE  TRABALHO MÉDICO LTDA.;MG;4032461079,6800003;672076846,6133333;321018157,7415968
CAIXA DE ASSISTENCIA A SAUDE DA UNIVERSIDADE;MG;4014664450,56;669110741,76;319643039,77653617
UNIMED ERECHIM - COOPERATIVA DE SERVIÇOS DE SAÚDE LTDA.;RS;3980399347,52;663399891,2533333;308216112,635692
UNIMED SAÚDE E ODONTO S.A;SP;3975346856,16;662557809,36;324426588,2250819
CENTRAL REGIONAL DAS COOPERATIVAS MÉDICAS - UNIMED CERRADO;GO;3968360101,28;661393350,2133334;287977130,40762913
ASSOCIAÇAO DOS FUNCIONARIOS PUBLICOS DO ESTADO DO RIO GRANDE DO SUL;RS;3957009839,6800003;659501639,9466667;291314750,4407443
SELECT OPERADORA DE PLANO DE SAUDE LTDA;GO;3954138126,08;659023021,0133333;479335266,2702229
UNIMED CONSELHEIRO LAFAIETE COOPERATIVA DE TRABALHO MÉDICO LTDA;MG;3939394569,6000004;656565761,6;305175556,3862441
ASSOCIAÇÃO SÃO FRANCISCO VIDA;SP;3830044247,36;638340707,8933333;312802692,44056636
UNIMED BARRA DO GARÇAS - COOPERATIVA DE TRABALHO MÉDICO;MT;3819104569,44;636517428,24;294482852,45584327
UNIMED NORTE FLUMINENSE COOPERATIVA DE TRABALHO MEDICO;RJ;3783527182,4;630587863,7333333;298648522,0672705
ASSOCIAÇÃO DA SANTA CASA SAÚDE DE RIBEIRÃO PRETO;SP;3769635109,12;628272518,1866666;280314734,1994113
UNIODONTO DE CAMPINAS COOPERATIVA ODONTOLÓGICA;SP;3669361600,0;611560266,6666666;288651861,4706263
UNIMED CURVELO COOPERATIVA DE TRABALHO MÉDICO LTDA.;MG;3659909418,7200003;609984903,12;276997375,44815534
SANTA CASA DE MISERICÓRDIA E BENEFICÊNCIA PORTUGUESA;SP;3615200702,56;602533450,4266666;291334375,662679
UNIMED DE ASSIS COOPERATIVA DE TRABALHO MÉDICO;SP;3605478087,04;600913014,5066667;276398036,64962906
UNIMED INCONFIDENTES COOPERATIVA DE TRABALHO MÉDICO LTDA.;MG;3527691416,8;587948569,4666667;278569873,0434135
SANTA CASA DE MAUÁ SAÚDE;SP;3523655434,24;587275905,7066666;288862251,2620132
UNIMED DE SÃO ROQUE - COOPERATIVA DE TRABALHO MÉDICO;SP;3508374440,8;584729073,4666667;289112998,30349123
UNIMED DE BARRA MANSA SOC. COOP. SERV.MED.E HOSPIT.;RJ;3481926536,6400003;580321089,44;277317038,43040097
UNIMED NORDESTE PAULISTA - FED. INTRAFEDERATIVA DAS COOP. MÉDICAS;SP;3479408415,2;579901402,5333333;271441913,7840936
CENTRO HOSPITALAR ATIBAIA LTDA.;SP;3473430618,88;578905103,1466666;302120679,8063078
SIM - CAIXA DE ASSISTÊNCIA À SAÚDE;SC;3458316984,16;576386164,0266666;274426495,92243373
SAMI ASSISTÊNCIA MÉDICA LTDA;SP;3429134695,2;571522449,1999999;272541258,5852783
UNIMED DE PARANAVAÍ COOPERATIVA DE TRABALHO MÉDICO;PR;3391689087,6800003;565281514,6133333;266412889,60123593
UNIMED GUARAPUAVA COOPERATIVA DE TRABALHO MÉDICO;PR;3371708212,6400003;561951368,7733334;267456047,03848013
UNIMED EXTREMO SUL COOPERATIVA DE TRABALHO MÉDICO;BA;3342691416,3199997;557115236,0533333;241697439,8086521
SOCIEDADE PORTUGUESA DE BENEFICÊNCIA;RS;3239844060,48;539974010,08;250064740,71157622
LUMINAR SAÚDE - ASSOCIAÇÃO DE ASSISTÊNCIA À SAÚDE;DF;3238159515,68;539693252,6133333;244939114,80699548
UNIMED DE TATUI - COOPERATIVA DE TRABALHO MÉDICO;SP;3199763425,6;533293904,26666665;240578296,2457766
FUNDAÇAO COMPESA DE PREVIDENCIA E ASSISTENCIA - COMPESAPREV;PE;3197752605,6;532958767,59999996;254590174,90368825
ASSOCIAÇÃO PADRE ALBINO SAÚDE;SP;3196368929,6;532728154,93333334;274368167,04808867
UNIMED VALE DO AÇO COOPERATIVA DE TRABALHO MÉDICO;MG;3189329573,92;797332393,48;316279154,54103416
SAÚDE BRB - CAIXA DE ASSISTÊNCIA ;DF;3183384217,2799997;530564036,2133333;251725290,37298653
UNIMED DE JABOTICABAL COOP. DE TRABALHO MÉDICO;SP;3125219322,3999996;520869887,0666666;250551213,68858668
SUL AMÉRICA ODONTOLÓGICO S/A;SP;3104528440,48;517421406,74666667;236444175,0630871
UNIMED DE PARANAGUÁ COOPERATIVA DE TRABALHO MÉDICO;PR;3066369634,88;511061605,81333333;234515009,80776492
UNIMED ITAJUBA COOPERATIVA DE TRABALHO MEDICO;MG;3054726842,24;509121140,3733333;237255095,6074096
ASSOCIAÇÃO BENEFICENTE DE ASSISTÊNCIA A SAÚDE DOS JUÍZES DO TRABALHO DA 15ª REGIÃO (ABAS 15);SP;3051780156,8;508630026,1333334;237458816,62293392
UNIMED DE CAÇAPAVA - COOPERATIVA DE TRABALHO MEDICO;SP;3050705256,96;508450876,16;244126859,47592062
ASSISTÊNCIA MÉDICA SÃO MIGUEL LTDA;SP;3050505184,3199997;508417530,71999997;239866664,10037842
SANTA CASA DE MISERICORDIA DE SAO JOAQUIM DA BARRA;SP;3008889656,48;501481609,41333336;234600665,94757482
ASSOCIAÇÃO BENEFICENTE CATÓLICA;MG;3001564470,4;500260745,06666666;232424073,20378387
GOCARE PLANOS DE SAUDE LTDA;SP;3001124009,92;500187334,9866667;192103207,96065682
AMEPLAN ASSISTÊNCIA MÉDICA PLANEJADA LTDA;SP;2994955862,3999996;499159310,3999999;215389697,54518086
UNIMED DE BRUSQUE COOPERATIVA DE TRABALHO MÉDICO;SC;2983093228,16;497182204,6933333;238978703,2940781
ASSOCIAÇÃO DOS SERVIDORES MUNICIPAIS, ESTADUAIS E FEDERAIS DO RIO DE JANEIRO;RJ;2982814295,04;497135715,84;253555912,3753323
UNIMED DE SOBRAL SOCIEDADE COOPERATIVA MÉDICA LTDA;CE;2965899418,08;494316569,68;234066081,71795762
UNIMED ARAXÁ COOPERATIVA DE TRABALHO MÉDICO LTDA.;MG;2950916200,0;491819366,6666667;234427597,21510166
UNIMED OESTE DO PARANA - COOPERATIVA DE TRABALHO MEDICO;PR;2928479876,8;488079979,4666667;231306302,905625
UNIMED DE CATALÃO COOPERATIVA DE TRABALHO MÉDICO;GO;2924857112,96;487476185,49333334;227383290,77542144
ASSOCIAÇÃO SANTA CASA SAÚDE DE ARAÇATUBA;SP;2918524557,44;486420759,5733333;228823976,97535616
ASSOCIAÇÃO DOS SERVIDORES FISCAIS DO ESTADO DA BAHIA;BA;2907295149,2799997;484549191,5466666;225044727,815231
UNIMED SÃO LOURENÇO COOPERATIVA DE TRABALHO MÉDICO;MG;2890785921,2799997;481797653,5466666;216081733,645719
CAIXA DE ASSISTÊNCIA DOS SERVIDORES FAZENDÁRIOS ESTADUAIS;CE;2842213481,44;473702246,9066667;213973037,51770443
SAÚDE SANTA TEREZA LTDA.;SP;2828861342,56;471476890,4266667;221628556,78790283
UNIMED DE PINDAMONHANGABA - COOPERATIVA TRABALHO MEDICO;SP;2827772873,92;471295478,9866667;221840056,4819223
CAIXA DE ASSISTÊNCIA À SAÚDE DOS SERVIDORES PÚBLICOS DO ESTADO DO MATO GROSSO DO SUL;MS;2822347146,7200003;470391191,12000006;218989091,75387302
OPERADORA UNICENTRAL DE PLANOS DE SAÚDE LTDA.;SP;2799006180,96;466501030,16;194031177,05740348
UNIMED APUCARANA COOPERATIVA DE TRABALHO MÉDICO;PR;2776118979,84;462686496,64000005;210592032,50316045
UNIMED FRANCISCO BELTRAO COOPERATIVA DE TRABALHO MEDICO;PR;2773544454,4000006;462257409,0666668;219959303,4420233
PREVIDENT ASSISTÊNCIA ODONTOLÓGICA S.A;SP;2766666832,16;461111138,6933333;120219785,67065085
UNIMED FRONTEIRA NOROESTE/RS - COOPERATIVA DE ASSISTÊNCIA À SAÚDE LTDA.;RS;2754341496,48;459056916,08;218229398,88889736
SÃO FRANCISCO ASSISTÊNCIA MÉDICA LTDA;PE;2732100850,56;455350141,76;260391353,68746433
ELOSAÚDE - ASSOCIAÇÃO DE ASSISTÊNCIA À SAÚDE;SC;2731332901,2799997;455222150,2133333;211574617,74666423
CAIXA ASSISTENCIAL E BENEFICENTE DOS FUNCIONÁRIOS DA ACARESC;SC;2720049468,96;453341578,16;205448863,57453585
UNIMED SÃO JOÃO DEL REI - COOPERATIVA DE TRABALHO MÉDICO;MG;2717669439,2;452944906,5333333;217407006,7606615
UNIMED MEIO OESTE CATARINENSE COOPERATIVA DE TRABALHO MÉDICO;SC;2705672454,08;450945409,0133333;212243360,25643817
UNIMED ITABIRA COOPERATIVA DE TRABALHO MÉDICO;MG;2700549909,44;450091651,5733333;219078524,94031537
CAIXA DE ASSISTÊNCIA DOS EMPREGADOS DA SANEAGO;GO;2681645844,64;446940974,1066666;206097366,77010357
OESTE SAÚDE ASSISTÊNCIA A SAÚDE SUPLEMENTAR S.A;SP;2679123433,28;446520572,21333337;218866273,11314172
SANTA CASA DA MISERICÓRDIA DE SÃO JOÃO DEL REI;MG;2671782884,0;445297147,3333333;201881713,28911468
UNIMED CENTRO SUL FLUMINENSE COOPERATIVA DE TRABALHO MÉDICO;RJ;2662469362,7200003;443744893,7866667;215664686,6165018
AGROS - INSTITUTO UFV DE SEGURIDADE SOCIAL;MG;2650739601,44;441789933,5733333;210311656,43061304
HOSPITAL CESAR LEITE;MG;2635231055,84;439205175,97333336;174221573,44709525
UNIMED OS BANDEIRANTES COOPERATIVA DE TRABALHO MÉDICO;SP;2621718100,0;436953016,6666667;176000086,79846734
BEST SENIOR OPERADORA DE SAÚDE LTDA;ES;2618824614,08;436470769,0133333;229570448,70819134
UNIMED SUL PAULISTA - COOPERATIVA DE TRABALHO MÉDICO;SP;2591765924,8;431960987,4666667;197396789,80295655
UNIMED DE LINS - COOPERATIVA DE TRABALHOS MÉDICOS;SP;2586703556,8;431117259,4666667;187149492,08579442
UNIMED ALTO VALE - COOPERATIVA DE TRABALHO MÉDICO;SC;2568126116,16;428021019,35999995;195498691,45015156
UNIMED PARÁ DE MINAS COOPERATIVA DE TRABALHO MÉDICO LTDA.;MG;2562340241,4399996;427056706,9066666;198331012,1381862
ESMALE ASSISTENCIA INTERNACIONAL DE SAUDE LTDA.;AL;2546228640,8;424371440,1333334;199645693,9515064
UNIMED DE CAPIVARI -COOPERATIVA DE TRABALHO MÉDICO;SP;2528595610,2400002;421432601,7066667;196077039,13892934
PLAMED PLANO DE ASSISTENCIA MEDICA LTDA;SE;2520035200,6400003;420005866,7733334;198632339,66406453
BRADESCO SAÚDE - OPERADORA DE PLANOS  S/A;SP;2495834936,6400003;415972489,44000006;203585332,68720484
PLURAL GESTÃO EM PLANOS DE SAÚDE LTDA;RJ;2484842023,52;414140337,25333333;204362987,53609753
NOVA SAÚDE OPERADORA INTEGRADA DE SAÚDE LTDA;RJ;2473378773,12;412229795,52;203346497,82583398
UNIMED JOÃO MONLEVADE COOPERATIVA DE TRABALHO MÉDICO LTDA.;MG;2429015636,96;404835939,49333334;195797586,1659512
FUNDAÇÃO DE SEGURIDADE SOCIAL DA ARCELORMITTAL BRASIL - FUNSSEST;ES;2423951258,88;403991876,48;156192827,13164043
UNIMED BARBACENA - COOPERATIVA DE TRABALHO MÉDICO LTDA;MG;2377321913,44;396220318,9066667;199033167,7579016
UNIMED DE AVARÉ COOPERATIVA DE TRABALHO MÉDICO;SP;2375129943,84;395854990,64000005;177705854,18368974
SAMOC S.A. - SOCIEDADE ASSISTENCIAL MÉDICA E ODONTO CIRÚRGICA;RJ;2371557802,4;395259633,73333335;180039235,18614486
GARANTIA DE SAÚDE LTDA;SP;2360755767,84;393459294,64000005;177720309,3104911
UNIMED DE GUARATINGUETA-COOPERATIVA DE TRABALHO MÉDICO;SP;2335000309,28;389166718,21333337;191011999,21903798
UNIMED MURIAÉ COOPERATIVA DE TRABALHO MEDICO LTDA;MG;2314599096,16;385766516,02666664;172952815,69560337
UNIMED CABO FRIO COOPERATIVA TRABALHO MÉDICO LTDA.;RJ;2314015274,24;385669212,3733333;187540116,4860967
BIO SAÚDE SERVIÇOS MÉDICOS LTDA;SP;2308476448,16;384746074,6933333;117902891,46564375
UNIMED DE LENÇOIS PAULISTA - COOPERATIVA DE TRABALHO MÉDICO;SP;2291145451,52;381857575,25333333;171464316,10897514
UNIMED VILHENA - COOPERATIVA DE TRABALHO MEDICO LTDA;RO;2287029599,52;381171599,92;200738882,96561092
AFFIX ADMINISTRADORA DE BENEFÍCIOS LTDA;SP;2257569477,6;376261579,59999996;159297037,74829176
SULMED - ASSISTÊNCIA MÉDICA LTDA;RS;2250172541,6;375028756,93333334;180297384,6408947
PARANA ASSISTENCIA MEDICA LTDA;PR;2245158187,84;374193031,3066667;184113956,58326674
UNIMED ARAGUARI COOPERATIVA DE TRABALHO MÉDICO ;MG;2239948558,56;373324759,76;173851324,00331354
UNIMED NOROESTE DO PARANÁ COOP DE TRABALHO MÉDICO .;PR;2221054756,6400003;370175792,7733334;185221411,54305688
VIVACOM PLANOS DE SAÚDE;GO;2219351851,04;369891975,17333335;177288842,01349553
INSTITUIÇÃO BENEFICENTE CEL MASSOT - IBCM;RS;2219289248,16;369881541,35999995;190731059,03980136
IRMANDADE DE MISERICÓRDIA DO HOSPITAL DA SANTA CASA DE MONTE ALTO;SP;2203340360,6400003;367223393,44000006;172670325,76498005
CAIXA DE ASSISTÊNCIA DOS EMPREGADOS DO SISTEMA FINANCEIRO BANESTES;ES;2195896146,7200003;365982691,12000006;162371979,85772344
UNIMED COSTA VERDE RJ;RJ;2182478057,6;363746342,93333334;161056598,3923255
UNIMED TRÊS RIOS COOPERATIVA DE TRABALHO MÉDICO;RJ;2171448529,2799997;361908088,2133333;158528450,53471065
SISTEMAS E PLANOS DE SAÚDE LTDA.;SP;2165037015,52;360839502,58666664;165254514,62380317
MATÃO CLINICAS & AMHMA SAÚDE LTDA;SP;2163218672,96;360536445,49333334;161684522,84386602
UNIMED CENTRO PAULISTA - FEDERAÇÃO INTRAFEDERATIVA DAS COOPERATIVAS MÉDICAS;SP;2150675526,08;358445921,0133333;165184460,15838122
UNIMED ALTA MOGIANA COOPERATIVA DE TRABALHO MÉDICO;SP;2137915080,16;356319180,0266667;172069404,74115607
ASSOCIAÇÃO DE ASSISTÊNCIA À SAÚDE DA AMAGIS;MG;2134442669,28;355740444,88;173381502,07581416
TEMPO MED PLANO DE SAUDE LTDA;SC;2122451507,68;353741917,94666666;189000355,97206366
UNIMED VALE DAS ANTAS, RS - COOPERATIVA DE ASSISTÊNCIA À SAÚDE LTDA.;RS;2121202943,2;353533823,8666667;137458364,29493916
UNIMED EXTREMO OESTE CATARINENSE COOPERATIVA DE TRABALHO MÉDICO;SC;2118587726,4;353097954,40000004;163140075,11409888
IRMANDADE DE MISERICORDIA DE PORTO FERREIRA;SP;2114078296,8000002;352346382,8;169085144,46143556
UNIMED DE BIRIGUI - COOPERATIVA DE TRABALHO MÉDICO;SP;2108479427,3600001;351413237,8933334;174493396,17226535
UNIMED LAVRAS COOPERATIVA DE TRABALHO MÉDICO;MG;2106538203,8400002;351089700,64000005;165084236,6375074
UNIMED DE IBITINGA COOPERATIVA DE TRABALHO MÉDICO;SP;2081558504,1599998;346926417,35999995;155828292,7851776
HOSPITAIS E CLÍNICAS DO PIAUÍ S/S LTDA;PI;2061689454,72;343614909,12;161014627,94221896
UNITY SERVIÇOS INTEGRADOS DE SAÚDE LTDA.;DF;2058320089,92;343053348,32;164065255,71834463
UNIMED NORTE PIONEIRO - COOPERATIVA DE TRABALHO MÉDICO;PR;2052876612,0;342146102,0;163777236,5342405
SANTA CASA DE MISERICORDIA HOSPITAL SÃO VICENTE;SP;2021059555,04;336843259,17333335;153630900,4752366
CAIXA ASSISTENCIAL UNIVERSITÁRIA DO RIO GRANDE DO NORTE;RN;2015589387,6799998;335931564,6133333;155297597,82591537
ASSOCIAÇÃO DE SAÚDE DOS FORNECEDORES DE CANA DE PIRACICABA E REGIÃO;SP;1949517064,48;324919510,74666667;157953568,30427456
UNIMED DE LORENA COOPERATIVA DE TRABALHO MÉDICO;SP;1932324342,56;322054057,0933333;146321001,24823135
UNIMED ITAÚNA COOPERATIVA DE TRABALHO MÉDICO LTDA.;MG;1919500851,84;319916808,64;142817237,49923027
UNIMED CAÇADOR COOPERATIVA DE TRABALHO MÉDICO DA REGIÃO DO CONTESTADO;SC;1912805690,4;318800948,40000004;152380254,4973023
ASSOCIAÇÃO DE ASSISTÊNCIA MÉDICO HOSPITALAR DOS MAGISTRADOS DO ESTADO DO PARANÁ;PR;1908543664,6399999;318090610,7733333;163333272,22410518
CAIXA DE ASSISTÊNCIA DOS FUNCIONÁRIOS DO BANCO DA AMAZÔNIA - CASF;PA;1885015944,6399999;314169324,1066666;122958668,8318564
SAÚDE BRASIL ASSISTÊNCIA MÉDICA LTDA.;SP;1884142268,48;314023711,41333336;160931304,175898
UNIMED GUAXUPÉ COOPERATIVA DE TRABALHO MEDICO;MG;1879303685,12;313217280,8533333;145452695,6417121
UNIMED DE BARRETOS COOPERATIVA DE TRABALHO MÉDICO;SP;1873822675,2;312303779,2;154669784,2275608
ASSOCIAÇÃO MINEIRA DE ASSISTÊNCIA À SAÚDE DOS MEMBROS DO MINISTÉRIO PÚBLICO;MG;1869809149,76;311634858,29333335;149173588,25874737
UNIODONTO DE SÃO JOSÉ DOS CAMPOS COOPERATIVA DE TRABALHO ODONTOLÓGICO;SP;1853474121,12;308912353,52;150448666,31964672
UNIMED NORTE PAULISTA - COOPERATIVA DE TRABALHO MÉDICO;SP;1837009885,6;306168314,26666665;137385113,95852515
PLANO DE SAUDE ASES LTDA.;RJ;1834148420,32;305691403,38666666;136963370,63462386
ÚNICA ASSISTENCIA MEDICA LTDA ;SP;1830182697,44;305030449,5733333;139955600,31308922
ASSOCIAÇÃO POLICIAL DE ASSISTÊNCIA À SAÚDE;SP;1829907840,6399999;101661546,70222221;89023756,9330815
ASSOCIAÇÃO DO PLANO DE SAÚDE DA SANTA CASA DE MISERICÓRDIA DE ITABUNA - PLANSUL;BA;1819754459,3600001;303292409,8933334;138780389,0876299
SANTA CASA DE MISERICÓRDIA DE TUPÃ;SP;1809910305,44;301651717,5733333;142052745,092922
CAIXA DE ASSISTÊNCIA À SAUDE DOS EMPREGADOS DA CODEVASF - CASEC;DF;1809163029,92;301527171,65333337;118229554,60764769
COOPERATIVA DE TRABALHO MÉDICO DO PLANALTO NORTE DE SANTA CATARINA LTDA;SC;1808982912,48;301497152,08;130024026,46647139
ASSOCIAÇÃO DE SAÚDE DO VALE;SC;1787430780,32;297905130,05333334;147788661,58399215
UNIMED PATROCÍNIO COOPERATIVA DE TRABALHO MÉDICO LTDA.;MG;1784990251,52;297498375,25333333;138125669,25578466
UNIMED ALTO DA SERRA - SOCIEDADE COOPERATIVA DE SERVIÇO MÉDICO LTDA.;RS;1782863513,92;297143918,9866667;141986171,6394742
UNIMED NOROESTE FLUMINENSE - COOPERATIVA DE TRABALHO MÉDICO LTDA;RJ;1768599318,08;294766553,0133333;134390743,3638406
CAIXA DE ASSISTÊNCIA À SAÚDE DO SINDICATO DOS FUNCIONÁRIOS INTEGRANTES DO GRUPO OCUPACIONAL ADMINISTRAÇÃO TRIBUTÁRIA DO ESTADO DE PERNAMBUCO;PE;1760923061,1200001;293487176,85333335;144320431,68492708
FUNDAÇÃO LIBERTAS DE SEGURIDADE SOCIAL;MG;1750225275,52;291704212,58666664;133133360,13800837
PRONTOMED PLANOS DE SAÚDE LTDA;MG;1747788396,48;291298066,08;139849607,10878962
PLADISA PLANOS DE SAÚDE SA;SC;1738925324,32;289820887,38666666;131815452,47146103
UNIMED MARQUES DE VALENÇA COOPERATIVA DE TRABALHO MÉDICO LTDA.;RJ;1729156805,12;288192800,8533333;142206370,3986465
UNIMED ITUIUTABA COOPERATIVA TRABALHO MÉDICO LTDA.;MG;1722988862,08;287164810,34666663;131055572,53379251
ELETROS SAÚDE - ASSOCIAÇÃO DE ASSISTÊNCIA À SAÚDE;RJ;1709775569,76;284962594,96;147856389,44316247
AMHA SAUDE S/A;SP;1704839458,88;284139909,81333333;127783086,53882414
ASSOCIAÇÃO MAIS SAÚDE SANTA CASA DE SÃO JOÃO DA BOA VISTA;SP;1697243460,8000002;282873910,1333334;146595960,85001525
UNIMED-RIO COOPERATIVA DE TRABALHO MEDICO DO RIO DE JANEIRO;RJ;1676601486,56;838300743,28;0,0
AMAZÔNIA PLANOS DE SAÚDE LTDA;PA;1671624131,1999998;278604021,8666666;132614942,04166582
BRASILDENTAL OPERADORA DE PLANOS ODONTOLÓGICOS S.A.;SP;1667029145,12;277838190,8533333;134581474,64996684
ANAFE SAUDE;GO;1665913921,28;277652320,2133333;124055771,52932516
VITA ASSISTÊNCIA A SAÚDE LTDA.;MG;1656375564,3200002;276062594,05333334;196785673,95003995
UNIMED DE CIANORTE - COOPERATIVA DE TRABALHO MEDICO ;PR;1622740357,4399958;270456726,2399993;125544950,3643231
CAIXA DE ASSISTÊNCIA SISTEMA SAÚDE INTEGRAL-SSI SAUDE;RS;1612985642,56;268830940,4266667;130871399,93469125
COOPERATIVA DE TRABALHO MEDICO REGIÃO DO PLANALTO SERRANO;SC;1586189508,32;264364918,0533333;136269103,62159958
UNIMED VALE DO JAURU COOPERATIVA DE TRABALHO MÉDICO;MT;1576594965,6;262765827,6;115109484,85037853
ASSOCIAÇÃO DOS FUNCIONÁRIOS DO FISCO DO ESTADO DE GOIÁS;GO;1573499532,32;262249922,0533333;127219878,75141582
UNIMED DE SAO JOSÉ DO RIO PARDO-COOP. DE TRAB. MÉDICO;SP;1565566332,8;260927722,13333333;122839677,59110756
UNIMED ALTO SÃO FRANCISCO COOPERATIVA DE TRABALHO MÉDICO;MG;1543508396,8000002;257251399,4666667;119225456,45806961
ASSOCIAÇÃO SÃO LUIZ SAÚDE;SP;1525760472,64;254293412,10666668;108264128,03391014
SÃO DOMINGOS SAÚDE- ASSISTÊNCIA MÉDICA  LTDA;SP;1516122883,36;252687147,22666666;120657721,11937998
LEADER ASSISTÊNCIA MÉDICA E HOSPITALAR LTDA.;SP;1506806054,3999999;251134342,39999998;105202093,51401913
UNIMED DE ANDRADINA - COOPERATIVA DE TRABALHO MÉDICO;SP;1504538629,92;250756438,32000002;119787301,63141255
GS PLANO GLOBAL DE SAÚDE LTDA;RJ;1502667072,96;250444512,16;119062038,09187862
COOPERATIVA DE TRABALHO MEDICO DE ARAGUAÍNA - UNIMED ARAGUAÍNA;TO;1487784918,4;247964153,0666667;116558855,82220873
ASSOCIAÇÃO SAÚDE SÃO JOSÉ;SC;1486586831,04;247764471,84;121344550,8575636
ODONTO EMPRESAS CONVENIOS DENTARIOS LTDA.;SP;1483337710,88;247222951,81333336;106522236,35595077
UNIMED DE TAUBATÉ COOPERATIVA DE TRABALHO MÉDICO;SP;1479726431,84;246621071,97333333;112158512,51670066
ASSOCIAÇÃO DOS AUDITORES FISCAIS DO ESTADO DA PARAÍBA - AFRAFEP;PB;1478094213,76;246349035,62666667;112098615,94013628
ASSOCIAÇÃO POLICIAL DE ASSISTÊNCIA A SAÚDE DA BAIXADA SANTISTA;SP;1476683573,44;246113928,90666667;115406412,23730238
UNIMED NORTE DO PARANÁ COOPERATIVA REGIONAL DE TRABALHO MÉDICO;PR;1465711516,8;244285252,79999998;112762625,46251953
UNIMED DE TUPA COOPERATIVA DE TRABALHO MÉDICO;SP;1465407955,52;244234659,25333333;113128399,39166787
UNIMED VIÇOSA - COOPERATIVA DE TRABALHO MÉDICO;MG;1462961323,36;243826887,22666666;111360651,15621123
MEDISERVICE OPERADORA DE PLANOS DE SAÚDE S.A.;SP;1456885796,48;242814299,41333333;109679081,36979988
UNIMED DE UBA COOPERATIVA DE TRABALHO MEDICO;MG;1441525977,6000001;240254329,60000002;116546925,96419646
UNIMED GURUPI COOPERATIVA DE TRABALHO MÉDICO;TO;1431566581,44;238594430,24;106181011,13203381
UNIMED REGIONAL DE TRES LAGOAS COOPERATIVA DE TRABALHO MÉDICO;MS;1397928545,44;232988090,90666667;113931245,3891679
ASSOCIAÇÃO POLICIAL DE ASSISTÊNCIA À SAÚDE DE BAURU;SP;1394664568,8;232444094,79999998;108319794,28303844
MAIS SAÚDE PLANO DE SAÚDE LTDA;GO;1392268066,8799999;232044677,8133333;114117091,33247693
CAIXA DE ASSISTÊNCIA AOS MEMBROS DA DEFENSORIA PÚBLICA DO ESTADO DO RIO DE JANEIRO;RJ;1376478637,76;229413106,29333332;117426339,29246117
UNIMED DE PIRASSUNUNGA COOPERATIVA DE TRABALHO MÉDICO;SP;1376049021,12;229341503,51999998;113001719,63115637
UNIMED CATAGUASES COOPERATIVA DE TRABALHO MÉDICO LTDA;MG;1370181520,32;228363586,72;105682429,72478306
OPERADORA DE PLANOS PRIVADOS DE SAÚDE - SANTA CASA SAÚDE LTDA;MS;1334360439,68;222393406,61333334;105406530,27540724
FEDERAÇÃO DAS SOCIEDADES COOPERATIVAS DE TRABALHO MÉDICO DO ACRE, AMAPÁ, AMAZONAS, PARÁ, RONDONIA E RORAIMA;AM;1329756616,8;664878308,4;0,0
UNIMED PLANALTO CENTRAL/RS - COOPERATIVA DE ASSISTÊNCIA  À SAÚDE LTDA.;RS;1327900305,28;221316717,54666665;108616244,01395296
BENEVIX ADMINISTRADORA DE BENEFÍCIOS LTDA;ES;1311534038,24;218589006,37333333;109945750,47450304
UNIMED DE MOCOCA COOPERATIVA DE TRAB. MÉDICO;SP;1299126980,48;216521163,41333333;101468737,39311774
UNIMED DE REGISTRO COOPERATIVA DE TRABALHO MÉDICO;SP;1280400756,96;213400126,16;96601311,07954815
PRONTOCLINICA E HOSPITAIS SAO LUCAS S/A;MG;1277947399,3600001;212991233,2266667;108352790,17694207
UNIMED PONTAL DO TRIÂNGULO - COOPERATIVA DE TRABALHO MÉDICO;MG;1262846729,44;210474454,90666667;90387529,8879518
UNIMED TRÊS CORAÇÕES COOPERATIVA DE TRABALHO MÉDICO LTDA.;MG;1251862493,92;208643748,98666668;99059964,09033799
UNIMED CARATINGA - COOPERATIVA DE TRABALHO MÉDICO LTDA;MG;1250149406,56;208358234,42666665;93839131,01938654
SANTA CASA DE MISERICÓRDIA E ASILO DOS POBRES DE BATATAIS;SP;1245281234,08;207546872,34666666;95789776,87520586
UNIMED REGIÃO DA CAMPANHA/RS - COOPERATIVA DE ASSISTÊNCIA À SAÚDE LTDA.;RS;1237536225,2800002;206256037,5466667;98900305,28957668
UNIMED DE MINEIROS COOPERATIVA DE TRABALHO MÉDICO ;GO;1234094847,04;205682474,50666666;96187333,8725722
UNIMED VERTENTE DO CAPARAÓ - COOPERATIVA DE TRABALHO MÉDICO LTDA;MG;1204956679,04;200826113,17333332;99053506,78232732
INTERMEDICI PIRACICABA ASSISTENCIA MEDICA LTDA;SP;1198498471,84;199749745,30666664;99786431,51456866
UNIMED DE MONTE ALTO - COOPERATIVA DE TRABALHO MÉDICO;SP;1195730962,56;199288493,76;93979557,25944893
PLANO ODONTOLÓGICO DENTALVIDAS LTDA.;SP;1188971289,6;198161881,6;98482530,62312873
CORPORE ADMINISTRADORA DE BENEFICIOS DA SAUDE LTDA;SP;1169892081,92;194982013,65333334;92275834,81332242
ASSOCIAÇÃO FUNDO DE PROTEÇÃO À SAÚDE;PR;1167667798,56;194611299,76;90408359,01915488
NACIONAL ODONTO OPERADORA DE PLANOS ODONTOLÓGICOS LTDA.;PE;1167496093,28;194582682,21333334;90764890,93293864
CAIXA DE ASSISTÊNCIA DOS MAGISTRADOS DE PERNAMBUCO;PE;1153925693,44;192320948,90666667;92949898,71190213
AMEP FREGUESIA OPERADORA DE PLANO DE SAUDE LTDA;RJ;1148625676,48;191437612,74666667;84126234,40580718
UNIMED SÃO SEBASTIÃO DO PARAÍSO COOPERATIVA DE TRABALHO MÉDICO;MG;1141391938,88;190231989,81333336;87630180,10847789
UNIMED TRÊS PONTAS - COOPERATIVA DE TRABALHO MÉDICO;MG;1140395452,6399999;190065908,7733333;87056970,04048268
SF SISTEMAS DE SAÚDE LTDA;SP;1124126633,28;187354438,88;101630017,89266749
UNIMED REGIÃO DA FRONTEIRA - RS COOPERATIVA DE ASSISTÊNCIA À SAÚDE LTDA.;RS;1123615018,4;187269169,73333335;88650896,03668815
UNIMED NOROESTE DE MINAS COOPERATIVA DE TRABALHO MEDICO LTDA;MG;1117738102,24;186289683,70666668;92264372,39054868
UNIMED DE DRACENA - COOPERATIVA DE TRABALHO MÉDICO;SP;1111861359,68;185310226,61333334;84888127,30631365
UNIMED SUDOESTE PAULISTA COOPERATIVA DE TRABALHO MÉDICO;SP;1110727881,2800002;185121313,5466667;94354097,55603787
ASSOCIAÇÃO PLANO DE SAÚDE SANTA CASA DE VALINHOS;SP;1109576365,28;184929394,21333334;85230566,2896244
UNIODONTO BELÉM - COOPERATIVA DE ASSISTÊNCIA À SAÚDE ODONTOLÓGICA;PA;1108745522,4;184790920,4;86031316,9349137
UNIMED VALE DO PIQUIRI-COOPERATIVA DE TRABALHO MÉDICO VALE DO PIQUIRI ;PR;1108511954,56;184751992,42666665;89455456,12735465
UNIMED SUDOESTE DE MINAS COOPERATIVA DE TRABALHO MÉDICO;MG;1103411252,96;183901875,49333334;95143093,29321562
UNIMED FRUTAL COOPERATIVA DE TRABALHO MEDICO LTDA;MG;1101181180,96;183530196,82666668;82173238,50474104
AMPARA ASSISTÊNCIA MÉDICA PARAÍSO LTDA;MG;1094414000,8;182402333,46666667;84459993,70426041
ASSOCIAÇÃO PARANAENSE DE ASSISTÊNCIA À SAUDE DOS MEMBROS DO MINISTERIO PUBLICO DO PARANÁ;PR;1090540754,56;181756792,42666665;80242568,20133059
UNIODONTO REGIONAL COOPERATIVA ODONTOLOGICA;MG;1070435858,72;178405976,45333335;86576027,92719965
VALEM ADMINISTRADORA DE BENEFÍCIOS LTDA;MG;1066246705,44;177707784,24;87153319,87777346
HOSPITAL DE PRONTOCLINICA LTDA.;RS;1064982435,6800001;177497072,61333334;76087780,03810415
QUALICORP CLUBE DE SAÚDE ADMINISTRADORA DE BENEFÍCIOS LTDA.;SP;1064681756,64;177446959,44;51580006,60385182
UNIODONTO PORTO ALEGRE COOPERATIVA ODONTOLOGICA LTDA;RS;1043098765,76;173849794,29333332;89012481,2210203
ODONTO SEG OPERADORA DE PLANOS ODONTOLOGICOS S.A.;SP;1031216476,0;171869412,66666666;69900042,59927987
UNIMED ALFENAS COOPERATIVA DE TRABALHO MEDICO;MG;1012289917,12;168714986,18666667;80802979,05591972
UNIMED DE ADAMANTINA-COOPERATIVA DE TRABALHO MÉDICO;SP;1007443849,6;167907308,26666668;78654534,65848348
VIVENTERIS LTDA;PR;1006539279,36;167756546,56;83715246,05668384
UNIMED LEOPOLDINA COOPERATIVA DE TRABALHO MÉDICO LTDA;MG;999887472,8000001;166647912,13333336;88905748,51623395
POLI SAUDE OPERADORA DE PLANO DE SAUDE LTDA;PR;999686973,44;166614495,57333335;80650815,82900208
ADVANCE PLANOS DE SAÚDE LTDA;SP;995515528,48;165919254,74666667;81530728,69076996
TERRAMAR ADMINISTRADORA DE PLANO DE SAUDE LTDA;BA;972252692,0;162042115,33333334;82737666,37703572
PLAMER PLANO MEDICO RESENDE LTDA;RJ;961677499,2;160279583,20000002;71265068,87521625
SOCIEDADE BENEFICENTE DEZOITO DE JULHO;MG;959578531,52;159929755,25333333;75485700,33343318
UNIMED REGIÃO DA PRODUÇÃO/RS - COOPERATIVA DE ASSISTÊNCIA À SAÚDE LTDA;RS;943254576,64;157209096,10666665;75345897,93813504
UNIMED DE JATAÍ COOPERATIVA DE TRABALHO MÉDICO LTDA.;GO;932895112,0;155482518,66666666;73797802,96579805
SEMPRE ODONTO PLANOS ODONTOLOGICOS LTDA;RJ;920921916,3199999;153486986,0533333;70484455,71454103
SBC SAÚDE LTDA.;SP;913400302,88;152233383,81333333;62285089,74874118
CAIXA DE ASSISTÊNCIA DOS EMPREGADOS DO BANESE;SE;910620308,8000001;151770051,46666667;80905315,80000779
UNIODONTO DE FORTALEZA COOPERATIVA DE TRABALHO ODONTOLOGICO LTDA;CE;901279789,5999999;150213298,26666665;67356406,77810659
PB ASSISTENCIA MEDICA EU LTDA;BA;899369776,48;149894962,74666667;86894315,19844596
IBBCA 2008 GESTÃO EM SAÚDE LTDA;RJ;895748229,5999999;149291371,6;46927873,196782745
QV BENEFÍCIOS EM SAÚDE LTDA;RJ;893933685,76;148988947,62666667;56999282,80883049
MEDIATORIE ADMINISTRADORA DE BENEFÍCIOS S/A;ES;893677868,64;148946311,44;67238588,36380348
SV SAUDE ADMINSTRADORES DE PLANO DE SAUDE LTDA;RJ;886529370,08;147754895,01333335;69516719,64305753
EVANGELICO SAUDE LTDA.;PR;877796741,76;146299456,96;63784625,83459021
UNIODONTO GOIANIA COOPERATIVA DE CIRURGIÕES DENTISTAS;GO;871813840,48;145302306,74666667;68221156,875886
FEDERAÇÃO DAS COOP ODONTOLÓGICAS DO ESTADO DE SANTA CATARINA;SC;869322695,84;144887115,97333333;70435348,42683879
UNIMED CALDAS NOVAS - COOPERATIVA DE TRABALHO MEDICO;GO;868459158,56;144743193,09333333;66211180,43350834
FUNDAÇÃO DE ASSISTÊNCIA À SAÚDE DA ASSOCIAÇÃO DO MINISTÉRIO PÚBLICO DO RIO GRANDE DO SUL;RS;868432070,88;144738678,48;76652214,46424797
UNIX SAÚDE S.A;BA;863657081,44;143942846,90666667;66735457,97787604
ASSOCIAÇÃO SANTA CASA CLÍNICAS DE BIRIGUI;SP;855332964,48;142555494,08;67067924,73425974
ASSOCIAÇÃO POLICIAL DE ASSISTÊNCIA À SAÚDE DE RIBEIRÃO PRETO (APAS);SP;855197837,4399999;142532972,90666667;65742706,54509004
G2C ADMINISTRADORA DE BENEFICIOS LTDA - ME;RJ;849831612,16;141638602,02666667;72461482,50093493
ASSOCIAÇÃO DOS AUDITORES FISCAIS DA RECEITA ESTADUAL DO RIO DE JANEIRO;RJ;849203747,36;141533957,89333335;57171999,254801095
FUNDAÇÃO FIAT SAÚDE E BEM ESTAR;MG;847699164,96;141283194,16;68736042,74535906
FILOSANITAS SAUDE LTDA;SP;825408426,08;137568071,01333335;66688891,34144622
ASSOCIACAO DOS PROFESSORES UNIVERSITÁRIOS DA BAHIA;BA;825200515,8399999;137533419,30666664;63862498,90473906
UNIBEN ADMINISTRADORA DE BENEFÍCIOS LTDA;MG;799808209,76;133301368,29333334;65390637,39216496
ATÍVIA SERVIÇOS DE SAÚDE S/A;SP;789574826,72;197393706,68;31047850,37771561
UNIMED VALE DO CORUMBÁ COOPERATIVA DE TRABALHO MEDICO;GO;786670761,28;131111793,54666667;63630816,71557932
UNIMED REGIONAL DE FLORIANO - COOPERATIVA DE TRABALHO MÉDICO;PI;784957145,44;130826190,90666668;60198053,317139894
UNIDENTIS ASSISTENCIA ODONTOLOGICA LTDA.;PB;776395842,4;129399307,06666666;60138207,24439997
UNIODONTO DE SC COOPERATIVA ADMINISTRADORA DE CONTRATOS;SC;773755780,96;128959296,82666667;61075864,93561372
TRINO - ALIANCA FILANTRÓPICA DE ASSISTÊNCIA E INTEGRAÇÃO PARA O DESENVOLVIMENTO DA SAUDE;ES;769605653,44;128267608,90666668;66233479,918945275
UNIODONTO PIRACICABA - COOPERATIVA ODONTOLÓGICA;SP;767071042,72;127845173,78666668;62463159,239558086
AURORA SAÚDE LTDA;MG;766500511,84;127750085,30666667;65641442,93676506
ALLIANZ SAÚDE S/A;SP;761173807,84;126862301,30666667;34372559,79629316
IRMANDADE DA SANTA CASA DE MISERICÓRDIA E MATERNIDADE DONA ZILDA SALVAGNI;SP;752902537,28;125483756,21333332;58827196,34032224
UNIMED DE PENAPOLIS - COOPERATIVA DE TRABALHO MEDICO;SP;750312270,72;125052045,12;60956222,10076283
UNIMED CACERES COOPERATIVA DE TRABALHO MÉDICO ;MT;747011635,04;124501939,17333333;56674786,90471779
PESSOAL SAÚDE PLANOS DE ASSISTÊNCIA MÉDICA LTDA;SP;745444946,56;124240824,42666666;57477917,44655924
UNIODONTO MACEIÓ COOPERATIVA ODONTOLÓGICA;AL;745120688,0;124186781,33333333;58785703,85520071
AME VVIDA PLANOS DE SAUDE INTEGRADO LTDA.;RO;724251139,84;120708523,30666667;55845676,76872235
ALLCARE ADMINISTRADORA DE BENEFÍCIOS EM SAÚDE LTDA.;DF;719241620,0;119873603,33333333;56245649,58446609
UNIMED SOUSA - COOPERATIVA DE TRABALHO MÉDICO;PB;719209148,64;119868191,44;52666301,36396749
ASSOCIAÇÃO SAÚDE CONCEIÇÃO;SC;713575654,24;118929275,70666666;57304184,93769844
CAIXA DE ASSISTÊNCIA DOS EMPREGADOS DO BANEB;BA;713056728,16;118842788,02666666;46241509,40094956
ASSOCIAÇÃO DOS EMPREGADOS DA COMPANHIA ESTADUAL DE HABITAÇÃO E OBRAS PÚBLICAS - ASSEC;SE;710274872,0;118379145,33333333;59616010,2381705
FUNDACAO CAPITAL PREVIDENCIA E SAUDE - CAPITAL PREV;ES;708166896,16;177041724,04;62579555,89197674
UNIMED ALTO JACUÍ/RS - COOPERATIVA DE ASSISTÊNCIA À SAÚDE LTDA;RS;704882077,12;117480346,18666667;53118225,509821154
ON MED ASSISTÊNCIA MÉDICA LTDA;RS;697272822,88;116212137,14666666;83019774,49824305
ASSOCIAÇÃO GOIANA DO MINISTÉRIO PÚBLICO;GO;694936008,32;115822668,05333334;56483170,08534733
ODONTOART PLANOS ODONTOLÓGICOS LTDA;CE;690256975,52;115042829,25333333;54273321,85824607
UNIODONTO/RN - COOPERATIVA ODONTOLOGICA DO RIO GRANDE DO NORTE;RN;682252340,48;113708723,41333334;53941552,11399312
ODONTOGROUP SISTEMA DE SAÚDE LTDA.;DF;681222579,52;113537096,58666666;55682451,23488229
CARE PLUS ODONTOLOGIA ASSISTENCIAL LTDA.;SP;676776643,04;112796107,17333333;71197698,99801278
MAIS SAUDE S/A;ES;676206517,92;169051629,48;96254579,87228832
ASSOCIAÇÃO VALEPARAIBANA DE ASSISTÊNCIA MÉDICA POLICIAL;SP;670008929,12;111668154,85333334;41724386,906392336
ASSOCIAÇÃO POLICIAL DE ASSISTÊNCIA À SAÚDE DE ARAÇATUBA (APAS);SP;656236198,56;109372699,75999999;48458747,26365219
UNIODONTO DO BRASIL CENTRAL NACIONAL DAS COOPERATIVAS ODONTÓLOGICAS;SP;649155705,28;108192617,54666667;52246278,08040495
GAMA SAUDE LTDA.;SP;645276601,1200002;107546100,18666671;67218986,00894949
UNIMED MACHADO COOPERATIVA DE TRABALHO MEDICO;MG;629432229,9200001;104905371,65333335;49545103,28205047
COOPERATIVA DOS USUÁRIOS DE SERVIÇOS DE SAÚDE LTDA.;RS;622266788,96;103711131,49333334;51781517,894738644
ASSOCIAÇÃO FCA SAÚDE;MG;618529084,16;103088180,69333333;44629548,4895563
UP HEALTH ADMINISTRADORA DE BENEFÍCIOS S/A;ES;616654680,96;102775780,16000001;44610017,16778897
DESBAN - FUNDAÇÃO BDMG DE SEGURIDADE SOCIAL;MG;613969703,04;102328283,83999999;46022275,606760964
PRIMA VIDA ODONTOLOGIA DE GRUPO LIMITADA;RJ;609915510,24;101652585,04;46298583,77648388
FUNASA SAÚDE;PB;596968378,4;99494729,73333333;47430601,08870548
SANTA CASA DE SAÚDE - SCS;ES;588711807,8399999;98118634,63999999;49983811,382500835
CAIXA DE ASSISTÊNCIA DO SINDFISCO - CASSIND;SE;584874878,4;97479146,39999999;47968816,043482296
UNIMED PATOS - COOPERATIVA DE TRABALHO MÉDICO;PB;583893774,4;97315629,06666666;49202692,34145277
UNIODONTO PAULISTA-FEDERAÇÃO DAS COOPERATIVAS ODONTOLÓGICAS DO ESTADO DE SÃO PAULO;SP;579703722,08;96617287,01333334;47136898,62727907
UNIMED REGIONAL DE PICOS - COOPERATIVA DE TRABALHO MÉDICO;PI;578804311,2;96467385,2;61766640,02161505
UNIODONTO DE JOÃO PESSOA COOPERATIVA ODONTOLÓGICA;PB;577279561,9200001;96213260,32000001;40216054,5565244
UNIMED DE BATATAIS - COOPERATIVA DE TRABALHO MÉDICO;SP;576312795,84;96052132,64;44547925,45168406
XP ADMINISTRADORA DE BENEFÍCIOS LTDA.;SP;573315040,96;95552506,82666667;42273414,49402044
EXTRAMED ADMINISTRAÇÃO E SERVIÇOS MÉDICOS LTDA;PR;566344482,56;94390747,09333332;42197643,01510334
UNIMED MORRINHOS COOPERATIVA DE TRABALHO MEDICO;GO;552732399,2;92122066,53333335;40673992,4201589
ATITUDE SAÚDE ASSISTÊNCIA MEDICA LTDA;BA;551183448,32;91863908,05333334;45679149,4876011
LANCERS ADMINISTRADORA DE BENEFÍCIOS DE SAÚDE LTDA.;SP;549803395,6800001;91633899,28000002;41478379,31270474
SERVDONTO - PLANO DE ASSISTÊNCIA ODONTOLÓGICA LTDA;SE;549168622,56;91528103,75999999;43629946,84739614
UNIMED VALE DO CARANGOLA COOPERATIVA DE TRABALHO MEDICO LTDA;MG;546108694,4;91018115,73333333;43369961,404626675
UNIMED SÃO JOÃO NEPOMUCENO COOPERATIVA DE TRABALHO MÉDICO LTDA.;MG;544313422,0799999;90718903,67999999;42308361,83575624
UNIMED PONTE NOVA COOPERATIVA DE TRABALHO MEDICO LTDA;MG;525250429,92;87541738,32000001;43038376,17882092
SUL DO PARÁ LTDA;PA;511776318,4;85296053,06666666;31788225,73469722
R.M.I. OPERADORA DE SAÚDE INTEGRADA LTDA;SP;511751283,52;127937820,88;30078728,644874502
AESP ODONTO ASSISTÊNCIA ODONTOLÓGICA S/S LTDA EPP;SP;477303961,12;79550660,18666667;38799038,037228964
MEDGOLD ASSISTENCIA MEDICA LTDA - ME;MG;476979330,72;79496555,12;29474934,152279116
UNIMED INTRAFEDERATIVA FEDERAÇÃO REGIONAL SUL DE MINAS;MG;470928685,12;78488114,18666667;36955114,428672954
VIDA TOP MAIS SAÚDE OPERADORA DE PLANOS DE SAÚDE LTDA.;SP;463406641,28;77234440,21333332;40765431,43329684
RIO DOCE SAÚDE;ES;459462607,20000005;76577101,2;36559667,50847247
UNIODONTO DE MANAUS - COOPERATIVA ODONTOLÓGICA LTDA.;AM;449921175,68000007;74986862,61333334;33237273,307082757
UNIMED DE CORUMBA COOPERATIVA DE TRABALHO MÉDICO;MS;449024659,03999996;74837443,17333333;37644917,83703486
UNIMED DO OESTE DA BAHIA COOPERATIVA DE TRABALHO MÉDICO;BA;442153236,8;73692206,13333334;48918894,851431765
TOTAL ASSISTÊNCIA MÉDICA HOSPITALAR LTDA;MG;438984457,92;73164076,32000001;33144810,087565225
UNIMED NORTE/NORDESTE-FEDERAÇÃO INTERFEDERATIVA DAS SOCIEDADES COOPERATIVAS DE TRABALHO MÉDICO EM RECUPERAÇÃO JUDICIAL;PB;434545749,6;72424291,60000001;25466658,784699287
ASSOCIACAO POLICIAL DE ASSISTENCIA A SAUDE DE PRESIDENTE PRUDENTE (APAS);SP;433299808,8;72216634,8;36147398,31752622
AME-ASSISTÊNCIA MÉDICA A EMPRESAS LTDA;MG;431753757,44;71958959,57333334;34758677,032978445
OPLAN SAÚDE OPERADORA DE PLANO DE SAÚDE LTDA;RJ;422970201,28000003;70495033,54666667;35671579,68193941
COOPERATIVA DOS USUÁRIOS DE SERVIÇOS DE SAÚDE DO VALE DO RIO DOS SINOS LTDA;RS;417768423,84000003;69628070,64;30903253,698970497
FUNDAÇÃO PLAMHUV - PLANO MÉDICO HOSPITALAR DOS HOSPITAIS UNIDOS DE VIÇOSA;MG;414105653,6;69017608,93333334;34911653,76843682
ASSOCIAÇAO UNISAUDE MARAU;RS;411518722,88;68586453,81333333;30369687,71932038
SISTEMA TOTAL DE SAÚDE LTDA.;SP;410477539,20000005;68412923,2;30663049,779620238
PLATINUM ADMINISTRADORA DE BENEFICIOS;DF;409523541,76;68253923,62666667;31258121,457541034
PORTOMED - PORTO SEGURO SERVIÇOS DE SAUDE LTDA;SP;406990276,48;67831712,74666667;53251029,24536007
UNIMED FEDERAÇAO DO ESTADO DO MATO GROSSO;MT;392808931,04;65468155,17333334;19587174,45926691
UNIMED CAMPO BELO- COOPERATIVA DE TRABALHO MÉDICO;MG;385074791,84000003;64179131,97333334;28711168,737461306
PLANO ASSISTENCIAL SÃO LUCAS LTDA;MG;384578803,03999996;64096467,173333324;28463532,216877762
ASSOCIAÇÃO POLICIAL DE ASSISTÊNCIA A SAÚDE;SP;377806166,4;62967694,4;29562949,95197272
ORALE ASSISTÊNCIA ODONTOLÓGICA LTDA;BA;368185598,72;61364266,45333334;28538468,426335193
UNIODONTO DE AMERICANA COOPERATIVA ODONTOLÓGICA;SP;368116404,79999995;61352734,133333325;29009327,273647968
ASSOCIACAO DE SAUDE HOLAMBRA;SP;364943006,88;60823834,48;30315928,638356827
ASSOCIAÇÃO DOS FUNCIONÁRIOS FISCAIS DO ESTADO DO AMAZONAS - AFFEAM;AM;362973477,76;60495579,626666665;35014860,798106484
UNIODONTO UBERABA - COOPERATIVA DE ASSISTÊNCIA À SAÚDE ODONTOLÓGICA LTDA;MG;361058553,28;60176425,54666666;28541487,938308798
UNIODONTO DE SOROCABA COOPERATIVA ODONTOLÓGICA;SP;359063192,64;59843865,44;29089881,085508265
ANGELI SISTEMAS DE SAUDE S.A.;PR;348766568,32;58127761,38666666;26348990,760471992
UNIODONTO DE JUNDIAÍ COOPERATIVA ODONTOLÓGICA;SP;343484791,36;57247465,22666667;25694065,195534416
TECBEN ADMINISTRADORA DE BENEFICIOS LTDA.;SP;340974053,44;56829008,906666666;29410235,270757202
CAIXA ASSISTENCIAL UNIVERSITARIA DO RIO DE JANEIRO;RJ;339106811,04;56517801,84;26552488,076535393
HOSPITAL S.P. LTDA.;RS;327949453,12;54658242,18666667;19040505,296779666
CEDPLAN SAÚDE LTDA EPP;MG;322472476,96;53745412,82666666;25676121,594834354
VOCÊ TOTAL PLANOS DE SAÚDE LIMITADA;SP;316219336,32;52703222,72;27800867,29117251
S1 OPERADORA DE PLANO DE SAÚDE LTDA;DF;312055742,4;52009290,4;25679144,046778522
CAIXA DE ASSISTÊNCIA À SAÚDE DOS TRABALHADORES NAS INDÚSTRIAS METALÚRGICAS, MECÂNICAS E DO MATERIAL ELÉTRICO DE BRUSQUE;SC;309310630,4;51551771,73333333;24370767,404193476
TELOS - FUNDAÇÃO EMBRATEL DE SEGURIDADE SOCIAL;RJ;306921772,96000004;51153628,826666676;26185367,757570747
VIDAMAX ADMINISTRADORA DE BENEFÍCIOS LTDA;SP;304398707,04;50733117,84;24329823,43933043
SOCIEDADE DE ASSISTÊNCIA MÉDICA - SAMEISA;RS;304291286,88;50715214,48;23372037,194831602
ODONT-OPERADORA ODONTOLOGICA LTDA;SP;304098696,8;50683116,13333333;23164583,88836126
BLUZZ SAÚDE S/A;ES;302149030,4;50358171,73333333;28695342,975033756
PRONTO SOCORRO CONDE DE MOREIRA LIMA;SP;299530770,24;49921795,04;25015043,025428176
CONFIANÇA ASSISTÊNCIA MÉDICO HOSPITALAR LTDA;MG;290825565,28;48470927,54666666;21992139,355437603
MEDIC GLOBAL PLANOS DE SAÚDE LTDA.;MG;289804159,03999996;48300693,173333324;26373453,377488274
NOSAMED ASSISTÊNCIA MÉDICA LTDA.;SP;288577742,56;48096290,42666667;23461133,323872823
PLAMESC PLANOS DE SAÚDE LTDA;RJ;286363532,96;47727255,49333333;21382242,567675795
DENTALPAR ASSISTÊNCIA ODONTOLÓGICA EMPRESARIAL LTDA.;SP;283759525,44;47293254,24;23185480,512641825
COMSEDER - COOPERATIVA DE ASSISTÊNCIA MÉDICA DOS SERVIDORES DA SUPLAN E DO DER LTDA;PB;281549917,28;46924986,21333333;21793075,879409704
DENTAL CENTER LTDA;PB;280282554,72;46713759,120000005;21258669,644998465
UNIMED VALE DO PARAÍBA - FEDERAÇÃO INTRAFEDERATIVA DAS COOPERATIVAS MÉDICAS;SP;279186978,08;46531163,01333333;27444943,617542706
UNICONSULT - ADMINISTRADORA DE BENEFICIOS E SERVICOS LTDA;SP;274880478,56;45813413,093333334;8223046,689588321
ASSOCIAÇÃO POLICIAL DE ASSISTENCIA À SAUDE DE SAO JOAO DA BOA VISTA;SP;269390327,84;44898387,97333333;21502476,104048163
UNIODONTO DE ARARAQUARA COOPERATIVA ODONTOLÓGICA;SP;267780396,48000002;44630066,080000006;19807582,685410924
UNIODONTO DO SUL GOIANO COOPERATIVA ODONTOLOGICA;GO;264755467,68;44125911,28;19954215,87468026
COOPERATIVA ODONTOLÓGICA POÇOS DE CALDAS;MG;262700630,56;43783438,42666667;20496851,474073198
CARING SAÚDE ASSISTÊNCIA MÉDICA LTDA.;RJ;257841019,35999998;42973503,22666667;19941266,71694577
FUNDO DE ASSISTÊNCIA MÉDICO-HOSPITALAR DO MINISTÉRIO PÚBLICO;MS;255918848,64;42653141,44;23522786,034589417
RODRIGUES LEIRA ODONTOLOGIA LTDA.;SP;255840943,2;42640157,199999996;20200624,7808556
ASSOCIAÇÃO UNIVIDA SANTA RITA DO PASSA QUATRO;SP;252124926,08;42020821,013333336;18653216,714641776
SERVIX ADMINISTRADORA DE BENEFÍCIOS LTDA;DF;251346839,04000002;41891139,84;15831642,303046837
ASSOCIACAO CIVIL PRÓ-SAÚDE DOS SERVIDORES DA UNIVERSIDADE ESTADUAL DE PONTA GROSSA;PR;248131755,04000002;41355292,50666667;19280947,972866006
UNIODONTO MARINGA COOPERATIVA ODONTOLOGICA;PR;246945840,48000002;41157640,080000006;19806921,949885394
PLANO VIDA SAUDE SERVIÇOS ODONTOLOGICOS LTDA;SE;246481377,12;41080229,52;19626604,82542614
PERSONAL CARE OPERADORA DE SAÚDE SA;SP;241469710,4;60367427,6;17376605,18298806
ASSOCIACAO POLICIAL DE ASSISTENCIA A SAUDE DE ITAPETININGA;SP;240084379,68;40014063,28;19283609,163775202
PD BRASIL ASSISTENCIA ODONTOLOGICA LTDA;MG;234276103,51999998;39046017,25333333;20472493,474532973
UNIODONTO VALE HISTORICO COOPERATIVA ODONTOLOGICA;SP;233205765,60000002;38867627,6;18827757,63658168
DENTAL MASTER LTDA - EPP;AL;222373842,72;37062307,12;16675789,484211007
PLENUM ASSISTENCIA MEDICA  LTDA;DF;222133930,56;55533482,64;21093786,579668287
HSMED SAUDE LTDA;RJ;221269506,07999998;36878251,01333333;17217927,71275564
UNIMED CAJAZEIRAS - SOCIEDADE COOPERATIVA DE TRABALHO MÉDICO;PB;219166426,72;36527737,78666667;17685695,8187348
UNIODONTO ESPIRITO SANTO COOPERATIVA ODONTOLOGICA;ES;215290565,76;35881760,96;16782895,678066384
DENTAL GOLD ASSISTÊNCIA ODONTOLÓGICA LTDA.;PB;214217977,6;35702996,266666666;15935218,820225136
UNIODONTO JACAREÍ COOPERATIVA ODONTOLÓGICA;SP;213717151,51999998;35619525,25333333;16415852,64702429
PLANO DE ASSISTÊNCIA MÉDICA MINEIRA LTDA;MG;213657899,83999997;35609649,97333333;19658048,03068826
UNIODONTO DE LONDRINA COOP. ODONTOLÓGICA;PR;209753066,56;34958844,42666667;16152724,241786163
DONA SAÚDE CLINICAS LTDA ;SP;208257270,56;34709545,093333334;10456384,626506776
DENTAL PLUS CONVÊNIO ODONTOLÓGICO LTDA.;SP;205724698,72;34287449,78666667;16180549,440772034
VALE PLANOS DE SAÚDE LTDA;PE;205219027,36;34203171,22666667;22481261,606172986
UNIODONTO DE PRESIDENTE PRUDENTE COOPERATIVA ODONTOLOGICA;SP;204779259,68;34129876,61333334;13252674,007162618
COOPERATIVA ODONTOLÓGICA DO ESTADO DO AMAPÁ;AP;202879834,72000003;33813305,78666667;15476205,78082465
ODONTOLIVE OPERADORA DE PLANOS ODONTOLÓGICOS LTDA.;SP;201154887,2;33525814,53333333;15929636,822933266
CAIXA BENEFICENTE DOS FUNCIONÁRIOS DO GRUPO IGUAÇU;PR;199266627,68;33211104,613333333;14340739,496889163
ASSOCIAÇÃO DOS SERVIDORES PÚBLICOS DA ADMINISTRAÇÃO DIRETA DO GOVERNO DO ESTADO DO PARÁ - ASPARÁ;PA;198675108,0;33112518,0;15391735,575942183
ODILE SERVIÇOS DE SAÚDE LTDA.;SP;198169461,28;33028243,546666667;18930994,52669092
CAIXA SEGURADORA ESPECIALIZADA EM SAÚDE S/A;SP;197209700,0;32868283,333333332;10751446,188344765
ASSOCIAÇÃO POLICIAL DE ASSISTÊNCIA À SAÚDE DE BARRETOS;SP;196696739,84;32782789,973333333;14638651,844581237
ASSOCIAÇÃO DO FISCO DE ALAGOAS;AL;196041494,39999998;32673582,399999995;19910741,251092985
PLANO DE ASSISTÊNCIA ODONTOLÓGICA FAUCHARD LTDA. ME;BA;193232128,48;32205354,746666666;15158971,095314214
UNIODONTO RS FEDERACAO DAS UNIODONTOS DO RGS LTDA;RS;189565723,84;31594287,30666667;14010751,16532838
CAMIM OPERADORA DE PLANO DE SAÚDE LTDA;RJ;180797670,4;30132945,066666666;14079325,678162448
ASSOCIAÇÃO POLICIAL DE ASSISTÊNCIA À SAÚDE DE PRESIDENTE VENCESLAU;SP;171511451,36;28585241,893333334;12956231,490257777
ASSOCIAÇÃO HOSPITAL SAÚDE DE VARGEM GRANDE DO SUL;SP;168088672,95999998;28014778,826666664;12473752,31334655
ASSOCIAÇÃO POLICIAL DE ASSISTÊNCIA À SAÚDE APAS;SP;167100933,44;27850155,573333334;10619184,407426758
RESOLVE ADMINISTRADORA DE BENEFÍCIOS LTDA;PI;166193532,64;27698922,106666666;13468872,659944573
EXCELÊNCIA PLANO DE SAÚDE S/A;ES;165421726,4;27570287,733333334;15353154,390654298
MH VIDA - OPERADORA DE PLANOS DE SAÚDE LTDA;RJ;163530838,88;27255139,813333333;13036136,441331476
INNOVA PLANO DE SAUDE LTDA;RO;162072324,48;27012054,08;16536109,240310973
ASSOCIAÇÃO DOS FISCAIS DE TRIBUTOS ESTADUAIS DO RS - AFISVEC;RS;158331105,12;26388517,52;13419505,66355147
SAMIG - SERV. DE ASSISTENCIA MEDICA DA ILHA DO GOVERNADOR LTDA;RJ;157263471,04;26210578,506666664;10620821,973167479
SD-M OPERADORA DE PLANOS DE SAUDE LTDA;RJ;156690140,8;26115023,46666667;11315978,545887183
ASSOCIAÇÃO SERVIÇOS ODONTOLÓGICOS DA INDÚSTRIA DE MINAS GERAIS - ODONTOINDUSTRIA;MG;156459980,48000002;26076663,413333338;12779793,876376402
UNIODONTO DE PINDAMONHANGABA COOP ODONTOLOGICA;SP;154025054,88;25670842,48;9870869,716812825
ASSOCIAÇÃO POLICIAL DE ASSISTÊNCIA À SAÚDE DE DRACENA;SP;152659135,04;25443189,173333332;13393524,621598883
CEAM BRASIL - PLANOS DE SAÚDE LTDA;MG;150720770,56;75360385,28;0,0
ASSOCIAÇÃO SAÚDE RURAL ALEGRETE;RS;149015256,32;24835876,05333333;13865984,018371176
QUALIDONTO - QUALIDADE EM ODONTOLOGIA LTDA ;BA;148443583,04000002;24740597,173333336;12661995,42097869
PRESERVE SAUDE ASSISTENCIA MEDICA LTDA;BA;141333415,36;23555569,22666667;10688110,013326928
SAUDIA ASSISTENCIA MÉDICA LTDA;MG;140598448,96;23433074,826666668;11052625,971110985
COOPERATIVA DE TRABALHO ODONTOLOGICO - UNIODONTO ITAJUBÁ;MG;139927756,0;23321292,666666668;11149180,205523787
ASSOCIAÇÃO POLICIAL DE ASSISTÊNCIA À SAÚDE DE JAÚ;SP;139057653,6;23176275,599999998;9073747,3084977
CAIXA DE ASSISTÊNCIA DOS EMPREGADOS DO SETOR PÚBLICO DO ESTADO DE GOIÁS - CAEME;GO;137680885,6;22946814,266666666;11542002,776722994
UNIODONTO DE SERTAOZINHO SP COOPERATIVA ODONTOLOGICA;SP;137678583,84;34419645,96;9072728,727892758
UNIODONTO DE MATO GROSSO COOP TRAB ODONTOLOGICO LTDA;MT;137026437,12;22837739,52;10805578,338133333
MEDHEALTH PLANOS DE SAÚDE LTDA;PR;128038451,03999999;21339741,84;2230454,035179305
ASSOCIAÇÃO POLICIAL DE ASSISTENCIA A SAUDE DE BOTUCATU;SP;127458416,32;21243069,386666667;12251979,357708994
SALUSMED OPERADORA DE PLANOS DE SAUDE LTDA;SP;127404800,79999998;21234133,466666665;12645685,229389427
BIORAL SISTEMA ODONTOLÓGICO LTDA.;SP;126292344,0;21048724,0;9840995,154665079
BENEFIT ADMINISTRADORA DE BENEFÍCIOS LTDA.;SP;126092376,48;21015396,080000002;9696501,199655036
SEPACO SAÚDE LTDA;SP;124006663,03999999;20667777,173333332;9998798,434992224
QUALI ADMINISTRADORA DE BENEFÍCIOS S/A;ES;122417574,56;61208787,28;0,0
VOCÊ CLUBE DE BENEFÍCIOS SOCIAIS, SAÚDE E ODONTOLÓGICO LTDA;SP;121366714,56;20227785,76;9644892,35782633
ÔNIX OPERADORA DE PLANOS DE SAÚDE LTDA;RJ;120784287,36;20130714,56;9333857,843220178
ASSOCIAÇÃO POLICIAL DE ASSISTÊNCIA À SAÚDE - VALE DO RIBEIRA;SP;113295368,0;18882561,333333332;8460309,904409794
HOSPITAL DE CARIDADE SÃO VICENTE DE PAULO;PR;112963032,0;18827172,0;4366685,236733852
ASSOCIAÇÃO PADRE PIO PLANOS DE SAÚDE;SP;111524032,63999999;18587338,77333333;8519302,481714992
MAXMED ADMINISTRADORA DE BENEFICIOS LTDA;SP;109666361,28;18277726,88;10065274,200516751
UNIMED VALE DO URUCUIA - COOPERATIVA DE TRABALHO MEDICO LTDA;MG;109123872,32;18187312,05333333;7769742,400113581
SORRIDEN CONVÊNIOS ODONTOLÓGICOS S.A.;SP;107297285,28;17882880,88;8566721,32642756
ASSOC DE ASSIST À SAÚDE DOS SERV DAS UNIV E INST FED, EST E/OU FAC PART EM PE;PE;100379955,2;16729992,533333333;6522789,237561852
ASSOCIACAO DOS SERVIDORES DA EMDAGRO - ASSEM;SE;95351934,08;15891989,013333334;8808559,69258146
HEALTH-MED SISTEMA DE SAUDE LTDA;RJ;93283878,88;15547313,146666666;7534813,812111698
EVOLUÇÃO ADMINISTRADORA DE BENEFICIOS LTDA ;MG;91381292,63999999;15230215,439999998;6017623,81921451
CASA DE SAÚDE NOSSA SENHORA DE FÁTIMA  LTDA.;CE;90166668,48;15027778,08;6892495,1405158155
ALMA ODONTO OPERADORA DE PLANOS ODONTOLOGICOS LTDA;SP;90030728,47999999;15005121,413333332;6890227,426904455
NOVODENTE S/A;RS;87561350,56;43780675,28;0,0
CROWN ODONTOLOGIA DE GRUPO LTDA;SP;82432259,03999999;13738709,839999998;6196237,29507572
YOU ASSISTÊNCIA MÉDICA LTDA.;MG;80597568,64;40298784,32;0,0
ARL ADMINISTRADORA DE BENEFÍCIOS LTDA.;SP;79073011,2;13178835,200000001;3742756,022495471
CENTRO DE ENDOCRINOLOGIA DE JUNDIAÍ S/S LTDA;SP;78383288,32;13063881,386666665;5745234,554796273
FUNDO DE ASSISTÊNCIA À SAÚDE DOS FUNCIONÁRIOS DO BEC;CE;77723448,32;12953908,053333333;5277184,8350169575
UNICOR ADMINISTRADORA DE BENEFICIOS LTDA;MG;77647786,24000001;12941297,706666669;6172956,482590816
BCI ADMINISTRADORA DE BENEFÍCIOS LTDA.;SP;77173274,72;12862212,453333333;5504767,193432994
PORTO DIAS SAUDE LTDA.;PA;75498127,03999999;12583021,173333332;6411207,460022684
BRASIL ODONTO OPERADORA DE PLANOS ODONTOLÓGICOS LTDA;TO;72355562,72;12059260,453333333;5107704,273685582
PREVENT SENIOR CORPORATE OPERADORA DE SAÚDE LTDA.;SP;66214332,8;11035722,133333333;4199186,180256758
A.P.S. ADMINISTRADORA DE BENEFÍCOS LTDA.;SP;64336159,839999996;10722693,306666667;5459080,207637139
UNIMED PARAIBA - FEDERAÇAO DAS SOCIEDADES COOPERATIVAS DE TRABALHO MEDICO;PB;62383679,04;10397279,84;4541974,949043921
SAME-SERVIÇO DE ASSISTÊNCIA MÉDICA EMPRESARIAL LTDA.;MA;61881882,4;10313647,066666666;4360044,137803571
SISTEMA PREVSAUDE DENTAL LTDA;CE;53577409,44;8929568,24;4229776,801510719
INFINITY SAÚDE SUPLEMENTAR LTDA;MT;53489376,32;8914896,053333333;5082501,623041869
CENTRAL OPERADORA DE PLANOS DE SAÚDE NORTE-NORDESTE LTDA;PB;53204566,56;8867427,76;4737378,467067847
UNIVIDA USA OPERADORA EM SAUDE S/A;SP;50048316,16;8341386,026666666;4845218,548301095
PLANO SIGMA SAÚDE LTDA;SP;48687017,28;12171754,32;6074213,870646877
QUALITY GOLD SAÚDE ADMINISTRADORA DE PLANOS DE SAÚDE LTDA-ME;RJ;46926617,28;7821102,88;3433487,5578583376
LIVRI OPERADORA DE PLANO DE SAÚDE LTDA;SP;43412349,92;7235391,653333333;2900787,1396038895
EVO SAUDE ASSISTENCIA MEDICA LTDA;DF;43265592,480000004;7210932,080000001;3976605,2438716264
MUITO MAIS SAÚDE ADMINISTRADORA DE BENEFÍCIOS;RJ;38911044,8;6485174,133333333;1828311,3323379122
LEXUS ADMINISTRADORA DE BENEFICIOS LTDA;SP;36878773,44;6146462,239999999;6068027,800551259
PLAMEDH - PLANO DE ASSISTÊNCIA MÉDICO-HOSPITALAR LTDA;MG;36455375,2;9113843,8;2073571,0894307462
POLIMÉDICA SAÚDE SOCIEDADE SIMPLES LTDA;RS;36437630,56;6072938,426666667;3294223,773715828
BEMSTAR ASSISTENCIA MEDICA LTDA;BA;34948398,56;5824733,093333334;2192944,0989409294
ODONTO PRIME S/S LTDA;CE;32689454,08;5448242,346666667;2689233,6403826834
SALUPLAN ADMINISTRADORA DE BENEFÍCIOS LTDA;SP;32239586,56;5373264,426666667;2346259,8554187743
ESPLENDOR ADMINISTRADORA DE BENEFÍCIOS LTDA.;DF;31921786,4;5320297,733333333;3899260,265404374
SALVE SAÚDE ADMINISTRADORA DE BENEFÍCIOS LTDA;RJ;31264512,8;5210752,133333334;2470233,6512177708
G & M ASSESSORIA MEDICA EMPRESARIAL LTDA;RJ;29970375,68;4995062,613333333;2442610,538628459
AIRES OPERADORA DE SAUDE LTDA;PE;29382515,2;4897085,866666666;3063624,8741726186
UNIMED ALTO PARANAIBA COOPERATIVA DE TRABALHO MEDICO;MG;29257047,04;4876174,506666667;1842185,223685867
LIFE CLASS ADMINISTRADORA DE BENEFICIOS LTDA.;SP;28152145,92;4692024,32;2029324,158012971
ASSISTÊNCIA MÉDICA 12 DE OUTUBRO LTDA;SP;24618056,32;4103009,3866666667;2325177,174973755
SMART CARE SISTEMAS MÉDICOS E ODONTOLÓGICOS LTDA.;SP;24107311,84;6026827,96;300837,96486973413
UP SOLUÇÕES EM SAÚDE LTDA ;SP;23398198,24;11699099,12;0,0
CASE - CENTRAL DE ADMINISTRAÇÃO DE PLANO DE SAÚDE LTDA;RJ;19710855,2;3285142,533333333;989198,6506885404
SAGRADA SAÚDE ASSISTÊNCIA MÉDICA LTDA;MG;19208258,56;3201376,4266666663;1703736,6733918649
NEXO - ADMINISTRADORA DE BENEFICIOS LTDA;SP;16837220,32;2806203,3866666667;1243618,4371459482
VIVER SAUDE LTDA;RN;16511386,56;4127846,64;4766426,737554985
GESTAO VIDA ADMINISTRADORA DE BENEFICIOS LTDA.;SP;15330462,879999999;2555077,1466666665;612837,2963502586
CLÍNICA SÃO GABRIEL S/S LTDA;SP;13562430,4;2260405,066666667;885041,8803746417
SAUDE SALV ASSISTENCIA MEDICA LTDA;RO;11828923,84;2957230,96;2136150,8241165536
VCT PLANOS DE SAUDE LTDA;MG;11506114,4;1917685,7333333334;1797441,3737403252
FEBRAFITE SAUDE;DF;10015109,6;1669184,9333333333;791953,5647415757
INTERCLINICAS PLANO VIDA USA OPERADORA DE SAUDE LTDA;SP;8899401,280000001;1483233,5466666669;1004866,4818182136
SOCIODONTO PLANO DE ASSISTÊNCIA ODONTOLÓGICA LTDA;MG;8730431,2;2182607,8;1298961,0178687158
VITTA SAUDE ADMINISTRADORA DE BENEFICIOS LTDA.;SP;8690124,96;1448354,1600000001;974445,6019136056
REAL GRANDEZA SAÚDE;RJ;6190553,119999999;1031758,8533333332;675444,3960707875
MAXIMED PLANOS DE SAUDE LTDA;RJ;5541307,68;2770653,84;0,0
AMPLITUDE PLANOS DE SAUDE LTDA ;MG;4152507,04;692084,5066666667;642527,0857037944
BIT LIFE BENEFÍCIOS LTDA;SP;3519071,2;586511,8666666667;264944,33171329513
AP ADMINISTRAÇÃO DE BENEFICIOS - SOCIEDADE SIMPLES UNIPESSOAL LIMITADA;SP;3350633,5999999996;837658,3999999999;555892,1457687733
INTERVIDA ADMINISTRADORA DE BENEFÍCIOS LTDA;SP;2979828,0;496638,0;235110,19659356397
VIVER BEM ADMINISTRADORA DE BENEFÍCIOS LTDA;RJ;2898363,52;483060,58666666667;441020,3713795599
CLICSAUDE ADMINISTRADORA DE BENEFICIOS LTDA;SP;2861577,44;476929,5733333333;251566,58498521926
PLURICLUB ADMINISTRADORA DE BENEFÍCIOS LTDA.;SP;2857648,0;476274,6666666667;196715,4454823306
SAUDE VIVA ADMINISTRADORA DE BENEFICIOS LTDA;SP;2638368,3200000003;439728,0533333334;226156,41013182382
LIKE DENTAL PLANOS ODONTOLÓGICOS SS LTDA;PR;2540135,6799999997;423355,9466666666;200425,89143912942
PRO-SAUDE JARINU ASSISTENCIA MEDICA SUPLEMENTAR LTDA.;SP;2446678,4;407779,73333333334;197135,82498588559
SALUTY ADMINISTRADORA DE BENEFICIOS LTDA;RJ;2338961,92;389826,98666666663;291585,9169350889
EGRÉGORA  ADMINISTRADORA DE BENEFICIOS S/A;ES;2338272,0;389712,0;603726,8407801661
SANUS ADMINISTRADORA DE BENEFÍCIOS LTDA;ES;1885135,0399999998;314189,1733333333;215116,46748790596
BEDOIS SERVIÇOS DE ADMINISTRAÇÃO DE BENEFÍCIOS LTDA.;RJ;1312249,76;218708,29333333333;96861,28857999167
HEALTH ADMINISTRADORA DE BENEFICIOS LTDA;SP;1308306,4;218051,06666666665;68823,5012897922
RAMED ADMINISTRADORA DE BENEFICIOS LTDA.;SP;1168275,52;194712,58666666667;80952,92040142707
ATIMED ASSISTENCIA MEDICA LTDA;SP;1165379,36;582689,68;0,0
AMAZIL ASSISTENCIA MEDICA DO BRASIL LTDA;RJ;1111011,8399999999;185168,63999999998;48164,46433968679
ELITE SAUDE SERVICOS MEDICOS LTDA.;SP;1106236,96;276559,24;255304,7971038894
INTEGRA ADMINISTRADORA DE BENEFICIOS LTDA;GO;182485,12;45621,28;0,0
TOTAL SAUDE  ADMINISTRADORA DE BENEFICIOS EIRELI;ES;101040,0;16840,0;12393,546707863734
PLAMEDH PLANOS DE SAÚDE LTDA;MG;29835,68;7458,92;1098,397340127879
UNIC ASSISTENCIA MEDICA LTDA;SP;20000,0;10000,0;0,0
FOX SAÚDE ASSISTÊNCIA MÉDICA INTEGRADA LTDA;PE;17244,48;4311,12;1501,6649561514494
ESPERANÇA OPERADORA DE PLANOS DE SAÚDE LTDA;RJ;2977,92;1488,96;0,0
UNIÃO HOSPITAIS DE PERNAMBUCO LTDA;PE;2530,08;1265,04;0,0
SAUDE FACIL PLANOS DE SAUDE LTDA;RJ;1942,56;971,28;0,0
NOVAMED PLANOS DE SAUDE LTDA;GO;1205,6;602,8;0,0
INTEGRALCARE PLANOS DE SAUDE LTDA;BA;96,0;16,0;7,155417527999327
SAUDE INTEGRAL ASSISTENCIA MEDICA LTDA;BA;96,0;16,0;7,155417527999327
MEDICAL LIFE PLANOS DE SAÚDE LTDA;BA;80,0;20,0;4,618802153517006
VITACARE PLANOS DE SAUDE LTDA;BA;80,0;13,333333333333334;4,131182235954578
ZURICH SANTANDER BRASIL ODONTO LTDA.;SP;-20099608,32;-3349934,72;1570957,9063912001
